<?xml version="1.0" encoding="UTF-8"?>
<!DOCTYPE mapper PUBLIC "-//mybatis.org//DTD Mapper 3.0//EN" "http://mybatis.org/dtd/mybatis-3-mapper.dtd">
<mapper namespace="egovframework.pf.item.service.impl.pfItemMapper">

	<select id="selectItemViewList" parameterType="searchVO" resultType="egovMap">
		SELECT 
			COUNT(*) OVER() AS CNT,
			a.itemCode, 
		    a.goodsName,
		    a.description,
		    a.qtyUnit,
		    a.price,
		    a.average,
		    a.hs,
		    a.hscnt,
		    a.lawCd,
		    a.currency,
			CASE
				WHEN MAX(currencyCnt) > 1 OR MAX(hsCnt) >= 2 THEN '점검 필요' 
				WHEN MAX(CASE WHEN c.item_code IS NOT NULL THEN 1 ELSE 0 END) > 0 THEN '점검 완료'
				ELSE '양호'
			END AS itemStatus,
			COUNT(c.ITEM_CODE) AS itemCnt,
			firstLisDay, 
			lastLisDay,
			MAX(c.memo) AS memo
		FROM(
			SELECT 
			 	a.item_code AS itemCode, 
				b.EXC_GNAME AS goodsName, 
				b.ITEM_DESC AS description, 
				CONCAT(a.qty, ' ', a.unit) AS qtyUnit,
				CONCAT(a.amount, ' ', a.currency) AS price,
				a.currencyCnt,
				a.average AS average,
				a.hs AS hs,
				a.hsCnt,
				a.law_cd AS lawCd,
				a.currency,
				DATE_FORMAT(a.first_lis_day, '%Y-%m-%d') AS firstLisDay, 
				DATE_FORMAT(a.last_lis_day, '%Y-%m-%d') AS lastLisDay
			FROM (
				SELECT
					cmpny_cd, 
					item_code, 
					MAX(max_seq) max_seq,
					MIN(first_lis_day) first_lis_day, 
					MAX(last_lis_day) last_lis_day,
					CONCAT(SUBSTRING(HS, 1, 4), '.', SUBSTRING(HS, 5, 2), '-', SUBSTRING(HS, 7, 4)) AS hs,
					FORMAT(qty, 2) AS qty,
					unit,
					FORMAT(amount, 2) AS amount,
					FORMAT(average, 2) AS average,
					currency,
					law_cd,
					COUNT(DISTINCT hs) AS hsCnt,
					COUNT(DISTINCT currency) AS currencyCnt
				FROM item_info2 a
				WHERE 1=1
				<if test="list != null and list.size() > 0">
		            AND cmpny_cd IN 
		            <foreach item="id" collection="list" open="(" separator="," close=")">
		                #{id}
		            </foreach>
	       		</if>
				<choose>
			        <when test="srch10 == '01'">
			            AND last_lis_day BETWEEN REPLACE(#{srch2}, '-', '') AND REPLACE(#{srch3}, '-', '')
			        </when>
			    </choose>
				GROUP BY cmpny_cd, item_code
			) a
			INNER JOIN (
				SELECT * FROM item_info2 WHERE 1=1
				<if test="list != null and list.size() > 0">
		            AND cmpny_cd IN 
		            <foreach item="id" collection="list" open="(" separator="," close=")">
		                #{id}
		            </foreach>
	        	</if>
				<choose>
			        <when test="srch10 == '01'">
			            AND last_lis_day BETWEEN REPLACE(#{srch2}, '-', '') AND REPLACE(#{srch3}, '-', '')
			        </when>
			    </choose>
			) b ON a.cmpny_cd = b.CMPNY_CD
				AND a.item_code = b.item_code
				AND a.max_seq = b.MAX_SEQ
		) A
		LEFT JOIN item_checked c ON A.itemCode = c.item_code
		WHERE 1=1
		<if test="srchType1 != null and srchType1 != '' and srchText1 != null and srchText1 != ''">
			AND ${srchType1} LIKE CONCAT('%',UPPER(#{srchText1}),'%')
		</if>
		<if test="srchType2 != null and srchType2 != '' and srchText2 != null and srchText2 != ''">
			AND ${srchType2} LIKE CONCAT('%',UPPER(#{srchText2}),'%')
		</if>
		GROUP BY itemCode
		<choose>
	        <when test="srch14 == '02'">
	         	HAVING itemStatus = '양호'
	        </when>
	         <when test="srch14 == '03'">
	          	HAVING itemStatus = '점검 필요'
	        </when>
	        <when test="srch14 == '04'">
	          	HAVING itemStatus = '점검 완료'
	        </when>
	        <otherwise>
    		</otherwise>
	    </choose>
		<choose>
	        <when test="srch10 == '01'">
	        	ORDER BY lastLisDay DESC, firstLisDay DESC, goodsName ASC, itemCode ASC
	        </when>
	        <otherwise>
	          	ORDER BY firstLisDay DESC, lastLisDay DESC, goodsName ASC, itemCode ASC
	        </otherwise>
        </choose>
		LIMIT #{recordCountPerPage} OFFSET #{startPage}; 
	</select>
	
	<select id="selectDuplicationItemViewList" parameterType="searchVO" resultType="egovMap">
		SELECT 
			COUNT(*) over() AS CNT,
		    a.itemCode, 
		    a.goodsName,
		    a.description,
		    a.qtyUnit,
		    a.price,
		    a.average,
		    a.hs,
		    a.lawCd,
		    a.firstLisDay,
		    a.lastLisDay,
			<!-- a.currencyCnt, 다른 단위수 -->
			<!-- a.hsCnt, 다른 세번수 -->
			<!-- i.item_code, 검토한 세번 -->
			a.currency,
    		CASE WHEN i.item_code IS NOT NULL THEN '점검 완료'
	      	WHEN a.currencyCnt > 1 OR a.hsCnt > 1 THEN '점검 필요' 
        	ELSE '양호'
    		END AS itemStatus
		FROM (
			SELECT 
				a.cmpny_cd,
			    a.item_code AS itemCode, 
			    exc_gname AS goodsName, 
			    item_desc AS description,
				CONCAT(SUBSTRING(HS, 1, 4), '.', SUBSTRING(HS, 5, 2), '-', SUBSTRING(HS, 7, 4)) AS hs,
				a.currency,
			    h.hsCnt,
			    c.currencyCnt,
			    CONCAT(FORMAT(qty, 2), ' ', unit) AS qtyUnit,
			    CONCAT(FORMAT(amount, 2), ' ', currency) AS price,
			    FORMAT(average, 2) AS average,
			    DATE_FORMAT(first_lis_day, '%Y-%m-%d') AS firstLisDay, 
			    DATE_FORMAT(last_lis_day, '%Y-%m-%d') AS lastLisDay,
			    a.LAW_CD AS lawCd
			FROM item_info2 AS a
			
			LEFT JOIN (
				SELECT 
					COUNT(DISTINCT hs) AS hsCnt, cmpny_cd, item_code
				FROM item_info2
				WHERE 1=1
			    <choose>
			        <when test="srch10 == '01'">
			            AND last_lis_day BETWEEN REPLACE(#{srch2}, '-', '') AND REPLACE(#{srch3}, '-', '')
			        </when>
			    </choose>
			    GROUP BY cmpny_cd, item_code
		    ) h
		    ON a.cmpny_cd = h.cmpny_cd
     		AND a.item_code = h.item_code
		     
		   LEFT JOIN (
				SELECT 
					COUNT(DISTINCT currency) AS currencyCnt, cmpny_cd, item_code 
		     	FROM item_info2
		     	WHERE 1=1
		     	<choose>
			        <when test="srch10 == '01'">
			            AND last_lis_day BETWEEN REPLACE(#{srch2}, '-', '') AND REPLACE(#{srch3}, '-', '')
			        </when>
			    </choose>
			    GROUP BY cmpny_cd, item_code
		    ) c
		    ON a.cmpny_cd = c.cmpny_cd
     		AND a.item_code = c.item_code
     		WHERE 1=1
			<if test="list != null and list.size() > 0">
		    	AND a.cmpny_cd IN 
		        <foreach item="id" collection="list" open="(" separator="," close=")">
		        	#{id}
		        </foreach>
		  	</if>
		  	<choose>
		        <when test="srch10 == '01'">
		            AND last_lis_day BETWEEN REPLACE(#{srch2}, '-', '') AND REPLACE(#{srch3}, '-', '')
		        </when>
		   	</choose>
		) A
		LEFT JOIN item_checked i
    	ON a.cmpny_cd = i.cmpny_Cd
    	AND a.itemCode = i.item_code
    	AND a.hs = i.hs
    	AND a.currency = i.currency
		<if test="srchType1 != null and srchType1 != '' and srchText1 != null and srchText1 != ''">
		AND ${srchType1} LIKE CONCAT('%',UPPER(#{srchText1}),'%')
		</if>
		<if test="srchType2 != null and srchType2 != '' and srchText2 != null and srchText2 != ''">
		AND ${srchType2} LIKE CONCAT('%',UPPER(#{srchText2}),'%')
		</if>
		<choose>
	        <when test="srch10 == '01'">
	          	ORDER BY a.itemCode ASC, a.lastLisDay DESC, a.firstLisDay DESC, a.goodsName ASC
	        </when>
	        <otherwise>
	        	ORDER BY a.itemCode ASC, a.firstLisDay DESC, a.lastLisDay DESC, a.goodsName ASC 	
	        </otherwise>
	    </choose>
		LIMIT #{recordCountPerPage} OFFSET #{startPage};
	</select>
	
	<select id="selectItemViewImpList" parameterType="searchVO" resultType="egovMap">
		SELECT 
			COUNT(*) OVER() AS CNT,
			a.itemCode, 
		    a.goodsName,
		    a.description,
		    a.qtyUnit,
		    a.price,
		    a.average,
		    a.hs,
		    a.hscnt,
		    a.lawCd,
		    a.currency,
			CASE
				WHEN MAX(CASE WHEN c.item_code IS NOT NULL THEN 1 ELSE 0 END) > 0 THEN '점검 완료'
				WHEN MAX(currencyCnt) > 1 OR MAX(hsCnt) >= 2 THEN '점검 필요' 
				ELSE '양호' 
			END AS itemStatus,
			firstLisDay, 
			lastLisDay,
			MAX(c.memo) AS memo
		FROM(
			SELECT 
			 	a.item_code AS itemCode, 
				b.EXC_GNAME AS goodsName, 
				b.ITEM_DESC AS description, 
				CONCAT(a.qty, ' ', a.unit) AS qtyUnit,
				CONCAT(a.amount, ' ', a.currency) AS price,
				a.currencyCnt,
				a.average AS average,
				a.hs AS hs,
				a.hsCnt,
				a.law_cd AS lawCd,
				a.currency,
				DATE_FORMAT(a.first_lis_day, '%Y-%m-%d') AS firstLisDay, 
				DATE_FORMAT(a.last_lis_day, '%Y-%m-%d') AS lastLisDay
			FROM (
				SELECT
					cmpny_cd, 
					item_code, 
					MAX(max_seq) max_seq,
					MIN(first_lis_day) first_lis_day, 
					MAX(last_lis_day) last_lis_day,
					CONCAT(SUBSTRING(HS, 1, 4), '.', SUBSTRING(HS, 5, 2), '-', SUBSTRING(HS, 7, 4)) AS hs,
					FORMAT(qty, 2) AS qty,
					unit,
					FORMAT(amount, 2) AS amount,
					FORMAT(average, 2) AS average,
					currency,
					law_cd,
					COUNT(DISTINCT hs) AS hsCnt,
					COUNT(DISTINCT currency) AS currencyCnt
				FROM item_info2 a
				WHERE 1=1
				<if test="list != null and list.size() > 0">
		            AND cmpny_cd IN 
		            <foreach item="id" collection="list" open="(" separator="," close=")">
		                #{id}
		            </foreach>
	       		</if>
	       		AND trade_type = 'imp'
				<choose>
			        <when test="srch10 == '01'">
			            AND last_lis_day BETWEEN REPLACE(#{srch2}, '-', '') AND REPLACE(#{srch3}, '-', '')
			        </when>
			    </choose>
				GROUP BY cmpny_cd, item_code
			) a
			INNER JOIN (
				SELECT * FROM item_info2 WHERE 1=1
				<if test="list != null and list.size() > 0">
		            AND cmpny_cd IN 
		            <foreach item="id" collection="list" open="(" separator="," close=")">
		                #{id}
		            </foreach>
	        	</if>
				<choose>
			        <when test="srch10 == '01'">
			            AND last_lis_day BETWEEN REPLACE(#{srch2}, '-', '') AND REPLACE(#{srch3}, '-', '')
			        </when>
			    </choose>
			) b ON a.cmpny_cd = b.CMPNY_CD
				AND a.item_code = b.item_code
				AND a.max_seq = b.MAX_SEQ
		) A
		LEFT JOIN item_checked c ON A.itemCode = c.item_code
		GROUP BY itemCode
		<if test="srchType1 != null and srchType1 != '' and srchText1 != null and srchText1 != ''">
			AND ${srchType1} LIKE CONCAT('%',UPPER(#{srchText1}),'%')
		</if>
		<if test="srchType2 != null and srchType2 != '' and srchText2 != null and srchText2 != ''">
			AND ${srchType2} LIKE CONCAT('%',UPPER(#{srchText2}),'%')
		</if>
		<choose>
	        <when test="srch10 == '01'">
	        	ORDER BY lastLisDay DESC, firstLisDay DESC, goodsName ASC, itemCode ASC
	        </when>
	        <otherwise>
	          	ORDER BY firstLisDay DESC, lastLisDay DESC, goodsName ASC, itemCode ASC
	        </otherwise>
        </choose>
		LIMIT #{recordCountPerPage} OFFSET #{startPage}; 
	</select>
	
	<select id="selectDuplicationItemViewImpList" parameterType="searchVO" resultType="egovMap">
		SELECT 
			COUNT(*) over() AS CNT,
		    a.itemCode, 
		    a.goodsName,
		    a.description,
		    a.qtyUnit,
		    a.price,
		    a.average,
		    a.hs,
		    a.lawCd,
		    a.firstLisDay,
		    a.lastLisDay,
			<!-- a.currencyCnt, 다른 단위수 -->
			<!-- a.hsCnt, 다른 세번수 -->
			<!-- i.item_code, 검토한 세번 -->
			a.currency,
    		CASE WHEN i.item_code IS NOT NULL THEN '점검 완료'
	      	WHEN a.currencyCnt > 1 OR a.hsCnt > 1 THEN '점검 필요' 
        	ELSE '양호'
    		END AS itemStatus,
    		i.memo AS memo
		FROM (
			SELECT 
				a.cmpny_cd,
			    a.item_code AS itemCode, 
			    exc_gname AS goodsName, 
			    item_desc AS description,
				hs,
				a.currency,
			    h.hsCnt,
			    c.currencyCnt,
			    CONCAT(FORMAT(qty, 2), ' ', unit) AS qtyUnit,
			    CONCAT(FORMAT(amount, 2), ' ', currency) AS price,
			    FORMAT(average, 2) AS average,
			    DATE_FORMAT(first_lis_day, '%Y-%m-%d') AS firstLisDay, 
			    DATE_FORMAT(last_lis_day, '%Y-%m-%d') AS lastLisDay,
			    a.LAW_CD AS lawCd
			FROM item_info2 AS a
			
			LEFT JOIN (
				SELECT 
					COUNT(DISTINCT hs) AS hsCnt, cmpny_cd, item_code
				FROM item_info2
				WHERE 1=1
			    <choose>
			        <when test="srch10 == '01'">
			            AND last_lis_day BETWEEN REPLACE(#{srch2}, '-', '') AND REPLACE(#{srch3}, '-', '')
			        </when>
			    </choose>
			    GROUP BY cmpny_cd, item_code
		    ) h
		    ON a.cmpny_cd = h.cmpny_cd
     		AND a.item_code = h.item_code
		     
		   LEFT JOIN (
				SELECT 
					COUNT(DISTINCT currency) AS currencyCnt, cmpny_cd, item_code 
		     	FROM item_info2
		     	WHERE 1=1
		     	<choose>
			        <when test="srch10 == '01'">
			            AND last_lis_day BETWEEN REPLACE(#{srch2}, '-', '') AND REPLACE(#{srch3}, '-', '')
			        </when>
			    </choose>
			    GROUP BY cmpny_cd, item_code
		    ) c
		    ON a.cmpny_cd = c.cmpny_cd
     		AND a.item_code = c.item_code
     		WHERE 1=1
			<if test="list != null and list.size() > 0">
		    	AND a.cmpny_cd IN 
		        <foreach item="id" collection="list" open="(" separator="," close=")">
		        	#{id}
		        </foreach>
		  	</if>
		  	AND trade_type = 'imp'
		  	<choose>
		        <when test="srch10 == '01'">
		            AND last_lis_day BETWEEN REPLACE(#{srch2}, '-', '') AND REPLACE(#{srch3}, '-', '')
		        </when>
		   	</choose>
		) A
		LEFT JOIN item_checked i
    	ON a.cmpny_cd = i.cmpny_Cd
    	AND a.itemCode = i.item_code
    	AND a.hs = i.hs
    	AND a.currency = i.currency
		<if test="srchType1 != null and srchType1 != '' and srchText1 != null and srchText1 != ''">
		AND ${srchType1} LIKE CONCAT('%',UPPER(#{srchText1}),'%')
		</if>
		<if test="srchType2 != null and srchType2 != '' and srchText2 != null and srchText2 != ''">
		AND ${srchType2} LIKE CONCAT('%',UPPER(#{srchText2}),'%')
		</if>
		<choose>
	        <when test="srch10 == '01'">
	          	ORDER BY a.itemCode ASC, a.lastLisDay DESC, a.firstLisDay DESC, a.goodsName ASC
	        </when>
	        <otherwise>
	        	ORDER BY a.itemCode ASC, a.firstLisDay DESC, a.lastLisDay DESC, a.goodsName ASC 	
	        </otherwise>
	    </choose>
		LIMIT #{recordCountPerPage} OFFSET #{startPage};
	</select>
	
	<select id="selectItemViewExpList" parameterType="searchVO" resultType="egovMap">
		SELECT 
			COUNT(*) OVER() AS CNT,
			a.itemCode, 
		    a.goodsName,
		    a.description,
		    a.qtyUnit,
		    a.price,
		    a.average,
		    a.hs,
		    a.hscnt,
		    a.lawCd,
		    a.currency,
			CASE
				WHEN MAX(CASE WHEN c.item_code IS NOT NULL THEN 1 ELSE 0 END) > 0 THEN '점검 완료'
				WHEN MAX(currencyCnt) > 1 OR MAX(hsCnt) >= 2 THEN '점검 필요' 
				ELSE '양호' 
			END AS itemStatus,
			firstLisDay, 
			lastLisDay,
			MAX(c.memo) AS memo
		FROM(
			SELECT 
			 	a.item_code AS itemCode, 
				b.EXC_GNAME AS goodsName, 
				b.ITEM_DESC AS description, 
				CONCAT(a.qty, ' ', a.unit) AS qtyUnit,
				CONCAT(a.amount, ' ', a.currency) AS price,
				a.currencyCnt,
				a.average AS average,
				a.hs AS hs,
				a.hsCnt,
				a.law_cd AS lawCd,
				a.currency,
				DATE_FORMAT(a.first_lis_day, '%Y-%m-%d') AS firstLisDay, 
				DATE_FORMAT(a.last_lis_day, '%Y-%m-%d') AS lastLisDay
			FROM (
				SELECT
					cmpny_cd, 
					item_code, 
					MAX(max_seq) max_seq,
					MIN(first_lis_day) first_lis_day, 
					MAX(last_lis_day) last_lis_day,
					CONCAT(SUBSTRING(HS, 1, 4), '.', SUBSTRING(HS, 5, 2), '-', SUBSTRING(HS, 7, 4)) AS hs,
					FORMAT(qty, 2) AS qty,
					unit,
					FORMAT(amount, 2) AS amount,
					FORMAT(average, 2) AS average,
					currency,
					law_cd,
					COUNT(DISTINCT hs) AS hsCnt,
					COUNT(DISTINCT currency) AS currencyCnt
				FROM item_info2 a
				WHERE 1=1
				<if test="list != null and list.size() > 0">
		            AND cmpny_cd IN 
		            <foreach item="id" collection="list" open="(" separator="," close=")">
		                #{id}
		            </foreach>
	       		</if>
	       		AND trade_type = 'exp'
				<choose>
			        <when test="srch10 == '01'">
			            AND last_lis_day BETWEEN REPLACE(#{srch2}, '-', '') AND REPLACE(#{srch3}, '-', '')
			        </when>
			    </choose>
				GROUP BY cmpny_cd, item_code
			) a
			INNER JOIN (
				SELECT * FROM item_info2 WHERE 1=1
				<if test="list != null and list.size() > 0">
		            AND cmpny_cd IN 
		            <foreach item="id" collection="list" open="(" separator="," close=")">
		                #{id}
		            </foreach>
	        	</if>
				<choose>
			        <when test="srch10 == '01'">
			            AND last_lis_day BETWEEN REPLACE(#{srch2}, '-', '') AND REPLACE(#{srch3}, '-', '')
			        </when>
			    </choose>
			) b ON a.cmpny_cd = b.CMPNY_CD
				AND a.item_code = b.item_code
				AND a.max_seq = b.MAX_SEQ
		) A
		LEFT JOIN item_checked c ON A.itemCode = c.item_code
		GROUP BY itemCode
		<if test="srchType1 != null and srchType1 != '' and srchText1 != null and srchText1 != ''">
			AND ${srchType1} LIKE CONCAT('%',UPPER(#{srchText1}),'%')
		</if>
		<if test="srchType2 != null and srchType2 != '' and srchText2 != null and srchText2 != ''">
			AND ${srchType2} LIKE CONCAT('%',UPPER(#{srchText2}),'%')
		</if>
		<choose>
	        <when test="srch10 == '01'">
	        	ORDER BY lastLisDay DESC, firstLisDay DESC, goodsName ASC, itemCode ASC
	        </when>
	        <otherwise>
	          	ORDER BY firstLisDay DESC, lastLisDay DESC, goodsName ASC, itemCode ASC
	        </otherwise>
        </choose>
		LIMIT #{recordCountPerPage} OFFSET #{startPage}; 
	</select>
	
	<select id="selectDuplicationItemViewExpList" parameterType="searchVO" resultType="egovMap">
		SELECT 
			COUNT(*) over() AS CNT,
		    a.itemCode, 
		    a.goodsName,
		    a.description,
		    a.qtyUnit,
		    a.price,
		    a.average,
		    a.hs,
		    a.lawCd,
		    a.firstLisDay,
		    a.lastLisDay,
			<!-- a.currencyCnt, 다른 단위수 -->
			<!-- a.hsCnt, 다른 세번수 -->
			<!-- i.item_code, 검토한 세번 -->
			<!-- a.currency, 단위 --> 
    		CASE WHEN i.item_code IS NOT NULL THEN '점검 완료'
	      	WHEN a.currencyCnt > 1 OR a.hsCnt > 1 THEN '점검 필요' 
        	ELSE '양호'
    		END AS itemStatus,
    		i.memo AS memo
		FROM (
			SELECT 
				a.cmpny_cd,
			    a.item_code AS itemCode, 
			    exc_gname AS goodsName, 
			    item_desc AS description,
				hs,
				a.currency,
			    h.hsCnt,
			    c.currencyCnt,
			    CONCAT(FORMAT(qty, 2), ' ', unit) AS qtyUnit,
			    CONCAT(FORMAT(amount, 2), ' ', currency) AS price,
			    FORMAT(average, 2) AS average,
			    DATE_FORMAT(first_lis_day, '%Y-%m-%d') AS firstLisDay, 
			    DATE_FORMAT(last_lis_day, '%Y-%m-%d') AS lastLisDay,
			    a.LAW_CD AS lawCd
			FROM item_info2 AS a
			
			LEFT JOIN (
				SELECT 
					COUNT(DISTINCT hs) AS hsCnt, cmpny_cd, item_code
				FROM item_info2
				WHERE 1=1
			    <choose>
			        <when test="srch10 == '01'">
			            AND last_lis_day BETWEEN REPLACE(#{srch2}, '-', '') AND REPLACE(#{srch3}, '-', '')
			        </when>
			    </choose>
			    GROUP BY cmpny_cd, item_code
		    ) h
		    ON a.cmpny_cd = h.cmpny_cd
     		AND a.item_code = h.item_code
		     
		   LEFT JOIN (
				SELECT 
					COUNT(DISTINCT currency) AS currencyCnt, cmpny_cd, item_code 
		     	FROM item_info2
		     	WHERE 1=1
		     	<choose>
			        <when test="srch10 == '01'">
			            AND last_lis_day BETWEEN REPLACE(#{srch2}, '-', '') AND REPLACE(#{srch3}, '-', '')
			        </when>
			    </choose>
			    GROUP BY cmpny_cd, item_code
		    ) c
		    ON a.cmpny_cd = c.cmpny_cd
     		AND a.item_code = c.item_code
     		WHERE 1=1
			<if test="list != null and list.size() > 0">
		    	AND a.cmpny_cd IN 
		        <foreach item="id" collection="list" open="(" separator="," close=")">
		        	#{id}
		        </foreach>
		  	</if>
		  	AND trade_type = 'exp'
		  	<choose>
		        <when test="srch10 == '01'">
		            AND last_lis_day BETWEEN REPLACE(#{srch2}, '-', '') AND REPLACE(#{srch3}, '-', '')
		        </when>
		   	</choose>
		) A
		LEFT JOIN item_checked i
    	ON a.cmpny_cd = i.cmpny_Cd
    	AND a.itemCode = i.item_code
    	AND a.hs = i.hs
    	AND a.currency = i.currency
		<if test="srchType1 != null and srchType1 != '' and srchText1 != null and srchText1 != ''">
		AND ${srchType1} LIKE CONCAT('%',UPPER(#{srchText1}),'%')
		</if>
		<if test="srchType2 != null and srchType2 != '' and srchText2 != null and srchText2 != ''">
		AND ${srchType2} LIKE CONCAT('%',UPPER(#{srchText2}),'%')
		</if>
		<choose>
	        <when test="srch10 == '01'">
	          	ORDER BY a.itemCode ASC, a.lastLisDay DESC, a.firstLisDay DESC, a.goodsName ASC
	        </when>
	        <otherwise>
	        	ORDER BY a.itemCode ASC, a.firstLisDay DESC, a.lastLisDay DESC, a.goodsName ASC 	
	        </otherwise>
	    </choose>
		LIMIT #{recordCountPerPage} OFFSET #{startPage};
	</select>
	
	<select id="selectItemCodeChkList" parameterType="searchVO" resultType="egovMap">
		SELECT
			a.item_code,
			a.exc_gname,
		 	a.item_desc,
		 	a.unit,
		 	a.currency,
		 	a.hs,
		 	IFNULL(b.memoSeq, 0)+1 AS memoSeq
		FROM item_info2 a
		LEFT JOIN item_checked c
			ON a.CMPNY_CD = c.CMPNY_CD
			AND a.ITEM_CODE = c.ITEM_CODE
			AND a.HS = c.HS
			AND a.UNIT = c.UNIT
			AND a.CURRENCY = c.CURRENCY
		LEFT JOIN (
			SELECT 
				cmpny_cd, 
				item_code, 
				max(memo_seq) AS memoSeq 
			FROM item_checked
			GROUP BY cmpny_cd, item_code
		) b
			ON a.CMPNY_CD = b.CMPNY_CD
			AND a.ITEM_CODE = b.ITEM_CODE
			WHERE 1=1
			AND a.item_code = #{srch1}
		AND c.item_code IS NULL
		<if test="list != null and list.size() > 0">
            AND a.cmpny_cd IN 
            <foreach item="id" collection="list" open="(" separator="," close=")">
                #{id}
            </foreach>
       	</if>
	</select>
	
	<insert id="insertItemChkedList" parameterType="egovframework.pf.item.service.ItemCheckedVO">
		INSERT INTO item_checked (
			cmpny_cd,
			item_status,
			item_code,
			exc_Gname,
			item_desc,
			hs,
			unit,
			currency,
			memo,
			memo_seq,
			reg_dt,
			reg_id,
			del_yn
		) VALUES (
			#{cmpnyCd},
			#{itemStatus},
			#{itemCode},
			#{excGname},
			#{itemDesc},
			#{hs},
			#{unit},
			#{currency},
			#{memo},
			#{memoSeq},
			DATE_FORMAT(NOW(), '%Y%m%d'),
	  		#{regId},
	  		'N'
		) ON DUPLICATE KEY UPDATE
			cmpny_cd = #{cmpnyCd},
			item_status = #{itemStatus},
			item_code = #{itemCode},
			exc_Gname = #{excGname},
			item_desc = #{itemDesc},
			hs = #{hs},
			unit = #{unit},
			currency = #{currency},
			memo = #{memo},
			memo_seq = #{memoSeq},
			edt_dt = DATE_FORMAT(NOW(), '%Y%m%d'),
		    edt_id = #{regId},
		    del_yn = 'N'
	</insert>
	
<!-- 	<select id="selectItemCodeMemoList" parameterType="searchVO" resultType="egovMap">
		SELECT 
		    c.item_code,
		    c.item_status,
		    c.EXC_GNAME,
		    c.item_desc,
		    CONCAT(FORMAT(i.amount, 2), ' ', i.currency) AS price,
		    c.hs,
		    c.currency,
		    c.memo
		FROM item_checked c
		LEFT JOIN item_info2 i 
	    ON c.item_code = i.item_code 
	    AND c.cmpny_cd = i.cmpny_cd
	    AND c.hs = i.hs
	    AND c.currency = i.currency
		WHERE c.item_code = #{srch1}
	</select>
 -->	
	<select id="selectItemCodeMemoList" parameterType="searchVO" resultType="egovMap">
		SELECT 
		    c.reg_dt,
		    c.reg_id,
		    c.memo
		FROM item_checked c
		WHERE c.item_code = #{srch1}
		GROUP BY c.ITEM_CODE, c.MEMO_SEQ
	</select>
	
	<update id="updateItemMemoList" parameterType="egovframework.pf.item.service.ItemCheckedVO">
		UPDATE item_checked SET
		    memo = #{memo},
		    edt_dt = DATE_FORMAT(NOW(), '%Y%m%d'),
		    edt_id = #{regId}
		WHERE item_code = #{itemCode}
		AND hs = #{hs}
		AND currency = #{currency}
		<if test="list != null and list.size() > 0">
            AND cmpny_cd IN 
            <foreach item="id" collection="list" open="(" separator="," close=")">
                #{id}
            </foreach>
       	</if>
	</update>
	
	<delete id="deleteItemMemoList" parameterType="egovframework.pf.item.service.ItemCheckedVO">
		UPDATE item_checked SET memo = NULL 
		WHERE item_code = #{itemCode}
		AND hs = #{hs}
		AND currency = #{currency}
		<if test="list != null and list.size() > 0">
            AND cmpny_cd IN 
            <foreach item="id" collection="list" open="(" separator="," close=")">
                #{id}
            </foreach>
       	</if>
	</delete>
	
	<select id="selectItemHsCodeDiffList" parameterType="searchVO" resultType="egovMap">
		SELECT 
		    CASE WHEN c.RG_code = '' THEN c.IMP_GName1 ELSE c.RG_code END AS itemCode, 
		    CONCAT(SUBSTRING(b.HS, 1, 4), '.',
		           SUBSTRING(b.HS, 5, 2), '-',
		           SUBSTRING(b.HS, 7, 4)) AS hs,
		    d.item_desc AS goodsName,
		    a.nab_firm AS cmpnyNm,
		    COUNT(DISTINCT a.rpt_no) AS rptNo,
		    '' AS taxKi,
		    '' AS gsRate,
		    '' AS price,
		    '' AS currency,
		    '' AS totTaxSum,
		    '' AS reporter
		FROM cusdec929A1 a
		INNER JOIN CUSDEC929B1 b
		    ON a.sn = b.sna1 
		    AND a.rpt_no = b.rpt_no 
		    AND a.BRANCH = b.BRANCH 
		    AND a.CUS_PRG = b.CUS_PRG
		INNER JOIN cusdec929C1 c
		    ON a.sn = c.sna1
		    AND b.sn = c.snb1
		    AND a.rpt_no = b.rpt_no
		    AND a.BRANCH = c.BRANCH
		    AND a.CUS_PRG = c.CUS_PRG
		LEFT JOIN item_info2 d
		    ON b.hs = d.HS
		    AND a.nab_sdno = d.cmpny_cd
		    AND CONCAT_WS(' ', TRIM(c.IMP_GName1), TRIM(c.IMP_GName2), TRIM(c.IMP_GName3), TRIM(c.Compoent1), TRIM(c.Compoent2)) = d.ITEM_DESC
		    AND (CASE WHEN c.RG_code = '' THEN c.IMP_GName1 ELSE c.RG_code END) = d.item_code
		    WHERE 1=1
	    <if test="list != null and list.size() > 0">
            AND a.nab_sdno IN
            <foreach item="id" collection="list" open="(" separator="," close=")">
                #{id}
            </foreach>
       	</if>
       	AND a.Rpt_Seq = '00'
       	AND (CASE WHEN c.RG_code = '' THEN c.IMP_GName1 ELSE c.RG_code END) = #{srch1}
       	<choose>
		    <when test="srch10 == '01'">
		        AND lis_day BETWEEN REPLACE(#{srch2}, '-', '') AND REPLACE(#{srch3}, '-', '')
		    </when>
		</choose>
<!--        	<choose>
		    <when test="srch10 == '01'">
		        AND last_lis_day BETWEEN REPLACE(#{srch2}, '-', '') AND REPLACE(#{srch3}, '-', '')
		    </when>
		</choose> -->
       	GROUP BY itemCode, hs, goodsName, cmpnyNm
	    
	    UNION

		SELECT 
		    CASE WHEN c.Mg_Cd = '' THEN c.Gnm1 ELSE c.Mg_Cd END AS itemCode, 
		    CONCAT(SUBSTRING(b.HS, 1, 4), '.', 
		           SUBSTRING(b.HS, 5, 2), '-', 
		           SUBSTRING(b.HS, 7, 4)) AS hs,
		    d.item_desc AS goodsName,
		    a.exp_firm AS cmpnyNm,
		    COUNT(DISTINCT a.rpt_no) AS rptNo,
		    '' AS taxKi,
		    '' AS gsRate,
		    '' AS price,
		    '' AS currency,
		    '' AS totTaxSum,
		    '' AS reporter
		FROM CUSDEC830A1 a
		INNER JOIN CUSDEC830B1 b 
		    ON a.SN = b.SNA1
		    AND a.rpt_no = b.rpt_no 
		    AND a.BRANCH = b.BRANCH 
		    AND a.CUS_PRG = b.CUS_PRG
		INNER JOIN CUSDEC830C1 c 
		    ON a.SN = c.SNA1 
		    AND c.SNB1 = b.SN
		    AND a.rpt_no = b.rpt_no 
		    AND a.BRANCH = c.BRANCH 
		    AND a.CUS_PRG = c.CUS_PRG
		LEFT JOIN item_info2 d
		    ON b.hs = d.HS
		    AND a.exp_sdno = d.cmpny_cd
		    AND CONCAT_WS(' ', TRIM(c.Gnm1), TRIM(c.Gnm2), TRIM(c.Gnm3), TRIM(c.Gnm4), TRIM(c.Gnm5), TRIM(c.Gnm6), TRIM(c.Comp1), TRIM(c.Comp2)) = d.ITEM_DESC
		    AND (CASE WHEN c.Mg_Cd = '' THEN c.Gnm1 ELSE c.Mg_Cd END) = d.item_code
		WHERE 1=1    
		<if test="list != null and list.size() > 0">
            AND a.exp_sdno IN 
            <foreach item="id" collection="list" open="(" separator="," close=")">
                #{id}
            </foreach>
       	</if>
       	AND a.Rpt_Seq = '00'
		AND (CASE WHEN c.Mg_Cd = '' THEN c.Gnm1 ELSE c.Mg_Cd END) = #{srch1}
		<!-- <choose>
		    <when test="srch10 == '01'">
		        AND last_lis_day BETWEEN REPLACE(#{srch2}, '-', '') AND REPLACE(#{srch3}, '-', '')
		    </when>
		</choose> -->
		<choose>
		    <when test="srch10 == '01'">
		        AND exp_lis_day BETWEEN REPLACE(#{srch2}, '-', '') AND REPLACE(#{srch3}, '-', '')
		    </when>
		</choose>
		GROUP BY itemCode, hs, goodsName, cmpnyNm
		ORDER BY rptNo DESC, itemCode, hs
	</select>
	
	<select id="selectItemHsCodeDiffSubList" parameterType="searchVO" resultType="egovMap">
		SELECT 
	      	CONCAT(SUBSTRING(a.rpt_no, 1, 5), '-', 
	               SUBSTRING(a.rpt_no, 6, 2), '-', 
	               SUBSTRING(a.rpt_no, 8, 7)) AS rptNo,
	      	b.ran_no AS ran, 
	      	c.sil AS sil,
	      	b.Gs_Divi AS taxKi,
	      	b.Gs_Rate AS gsRate,
	    	FORMAT(ROUND(b.tax_usg_usd, 0), 0) AS price,
	      	a.con_cur AS currency,
	      	FORMAT(ROUND(a.tot_tax_sum, 0), 0) AS totTaxSum,
	      	IFNULL(I.cmmn_nm,'타관세법인') AS reporter
	  	FROM cusdec929A1 a
	   	LEFT JOIN (select cmmn_cd, cmmn_nm from cmmn_cd where grp_cd = 'IMPSHRPTCD') I
	  	ON I.cmmn_cd = SUBSTRING(a.rpt_no, 1, 5)
	  
	  	INNER JOIN cusdec929B1 b 
	  	ON a.sn = b.sna1 
	  	AND a.rpt_no = b.rpt_no AND a.BRANCH = b.BRANCH AND a.CUS_PRG = b.CUS_PRG
	  
	  	INNER JOIN cusdec929C1 c 
	  	ON a.sn = c.sna1 AND b.sn = c.snb1 and a.rpt_no = b.rpt_no AND a.BRANCH = c.BRANCH AND a.CUS_PRG = c.CUS_PRG
	  	WHERE 1=1
	  	<if test="list != null and list.size() > 0">
            AND a.nab_sdno IN 
            <foreach item="id" collection="list" open="(" separator="," close=")">
                #{id}
            </foreach>
       	</if>
       	AND a.Rpt_Seq = '00' 
      	AND (CASE WHEN c.RG_code = '' THEN c.IMP_GName1 ELSE c.RG_code END) = #{srch1}
      	AND b.hs = REPLACE(REPLACE(#{srch4}, '-', ''), '.', '')
      	AND CONCAT_WS(' ', TRIM(c.IMP_GName1), TRIM(c.IMP_GName2), TRIM(c.IMP_GName3), TRIM(c.Compoent1), TRIM(c.Compoent2)) = #{srch5}
      	<choose>
		    <when test="srch10 == '01'">
		        AND lis_day BETWEEN REPLACE(#{srch2}, '-', '') AND REPLACE(#{srch3}, '-', '')
		    </when>
		</choose>
      
        UNION 

  		SELECT 
      		CONCAT(SUBSTRING(a.rpt_no, 1, 5), '-', 
             	   SUBSTRING(a.rpt_no, 6, 2), '-', 
             	   SUBSTRING(a.rpt_no, 8, 7)) AS rptNo,
      		b.ran_no AS ran, 
      		c.sil AS sil,
      		NULL AS taxKi, 
      		NULL AS gsRate,
      		FORMAT(ROUND(b.con_amt, 0), 0) AS price,
      		a.cur AS currency,
      		NULL AS totTaxSum,
      		IFNULL(I.cmmn_nm,'타관세법인') AS reporter
  		FROM CUSDEC830A1 a
  		LEFT JOIN (select cmmn_cd, cmmn_nm from cmmn_cd where grp_cd = 'IMPSHRPTCD') I
  		ON I.cmmn_cd = SUBSTRING(a.rpt_no, 1, 5)
  
  		INNER JOIN CUSDEC830B1 b ON a.SN = b.SNA1
       	AND a.rpt_no = b.rpt_no 
       	AND a.BRANCH = b.BRANCH 
       	AND a.CUS_PRG = b.CUS_PRG
       
  		INNER JOIN CUSDEC830C1 c ON a.SN = c.SNA1 AND c.SNB1 = b.SN
      	AND a.rpt_no = b.rpt_no 
      	AND a.BRANCH = c.BRANCH 
      	AND a.CUS_PRG = c.CUS_PRG
 		WHERE 1=1
 		<if test="list != null and list.size() > 0">
            AND a.exp_sdno IN 
            <foreach item="id" collection="list" open="(" separator="," close=")">
                #{id}
            </foreach>
       	</if>
       	AND a.Rpt_Seq = '00' 
      	AND (CASE WHEN c.Mg_Cd = '' THEN c.Gnm1 ELSE c.Mg_Cd END)= #{srch1}
      	AND b.hs = REPLACE(REPLACE(#{srch4}, '-', ''), '.', '')
      	AND CONCAT_WS(' ', TRIM(c.Gnm1), TRIM(c.Gnm2), TRIM(c.Gnm3), TRIM(c.Gnm4), TRIM(c.Gnm5), TRIM(c.Gnm6), TRIM(c.Comp1), TRIM(c.Comp2)) = #{srch5}
      	<choose>
		    <when test="srch10 == '01'">
		        AND exp_lis_day BETWEEN REPLACE(#{srch2}, '-', '') AND REPLACE(#{srch3}, '-', '')
		    </when>
		</choose>
     </select>
     
     <select id="selectItemHsCodeDiffImpList" parameterType="searchVO" resultType="egovMap">
		SELECT 
		    CASE WHEN c.RG_code = '' THEN c.IMP_GName1 ELSE c.RG_code END AS itemCode, 
		    CONCAT(SUBSTRING(b.HS, 1, 4), '.', 
		           SUBSTRING(b.HS, 5, 2), '-', 
		           SUBSTRING(b.HS, 7, 4)) AS hs,
		    d.item_desc AS goodsName,
		    a.nab_firm AS cmpnyNm,
		    COUNT(DISTINCT a.rpt_no) AS rptNo,
		    '' AS taxKi,
		    '' AS gsRate,
		    '' AS price,
		    '' AS currency,
		    '' AS totTaxSum,
		    '' AS reporter
		FROM cusdec929A1 a
		INNER JOIN CUSDEC929B1 b 
		    ON a.sn = b.sna1 
		    AND a.rpt_no = b.rpt_no 
		    AND a.BRANCH = b.BRANCH 
		    AND a.CUS_PRG = b.CUS_PRG
		INNER JOIN cusdec929C1 c 
		    ON a.sn = c.sna1 
		    AND b.sn = c.snb1 
		    AND a.rpt_no = b.rpt_no 
		    AND a.BRANCH = c.BRANCH 
		    AND a.CUS_PRG = c.CUS_PRG
		LEFT JOIN item_info2 d
		    ON b.hs = d.HS
		    AND a.nab_sdno = d.cmpny_cd
		    AND (CASE WHEN c.RG_code = '' THEN c.IMP_GName1 ELSE c.RG_code END) = d.item_code
		    WHERE 1=1
	    <if test="list != null and list.size() > 0">
            AND a.nab_sdno IN 
            <foreach item="id" collection="list" open="(" separator="," close=")">
                #{id}
            </foreach>
       	</if>
       	AND a.Rpt_Seq = '00'
       	AND (CASE WHEN c.RG_code = '' THEN c.IMP_GName1 ELSE c.RG_code END) = #{srch1}
       	GROUP BY itemCode, hs, goodsName, cmpnyNm
	</select>
	
	<select id="selectItemHsCodeDiffImpSubList" parameterType="searchVO" resultType="egovMap">
		SELECT 
	      	CONCAT(SUBSTRING(a.rpt_no, 1, 5), '-', 
	               SUBSTRING(a.rpt_no, 6, 2), '-', 
	               SUBSTRING(a.rpt_no, 8, 7)) AS rptNo,
	      	b.ran_no AS ran, 
	      	c.sil AS sil,
	      	b.Gs_Divi AS taxKi,
	      	b.Gs_Rate AS gsRate,
	    	FORMAT(ROUND(b.tax_usg_usd, 0), 0) AS price,
	      	a.con_cur AS currency,
	      	FORMAT(ROUND(a.tot_tax_sum, 0), 0) AS totTaxSum,
	      	IFNULL(I.cmmn_nm,'타관세법인') AS reporter
	  	FROM cusdec929A1 a
	   	LEFT JOIN (select cmmn_cd, cmmn_nm from cmmn_cd where grp_cd = 'IMPSHRPTCD') I
	  	ON I.cmmn_cd = SUBSTRING(a.rpt_no, 1, 5)
	  
	  	INNER JOIN cusdec929B1 b 
	  	ON a.sn = b.sna1 
	  	AND a.rpt_no = b.rpt_no AND a.BRANCH = b.BRANCH AND a.CUS_PRG = b.CUS_PRG
	  
	  	INNER JOIN cusdec929C1 c 
	  	ON a.sn = c.sna1 AND b.sn = c.snb1 and a.rpt_no = b.rpt_no AND a.BRANCH = c.BRANCH AND a.CUS_PRG = c.CUS_PRG
	  	WHERE 1=1
	  	<if test="list != null and list.size() > 0">
            AND a.nab_sdno IN 
            <foreach item="id" collection="list" open="(" separator="," close=")">
                #{id}
            </foreach>
       	</if>
       	AND a.Rpt_Seq = '00' 
      	AND (CASE WHEN c.RG_code = '' THEN c.IMP_GName1 ELSE c.RG_code END) = #{srch1}
      	AND b.hs = REPLACE(REPLACE(#{srch2}, '-', ''), '.', '')
    </select>
    
    <select id="selectItemHsCodeDiffExpList" parameterType="searchVO" resultType="egovMap">
		SELECT 
		    CASE WHEN c.Mg_Cd = '' THEN c.Gnm1 ELSE c.Mg_Cd END AS itemCode, 
		    CONCAT(SUBSTRING(b.HS, 1, 4), '.', 
		           SUBSTRING(b.HS, 5, 2), '-', 
		           SUBSTRING(b.HS, 7, 4)) AS hs,
		    d.item_desc AS goodsName,
		    a.exp_firm AS cmpnyNm,
		    COUNT(DISTINCT a.rpt_no) AS rptNo,
		    '' AS taxKi,
		    '' AS gsRate,
		    '' AS price,
		    '' AS currency,
		    '' AS totTaxSum,
		    '' AS reporter
		FROM CUSDEC830A1 a
		INNER JOIN CUSDEC830B1 b 
		    ON a.SN = b.SNA1
		    AND a.rpt_no = b.rpt_no 
		    AND a.BRANCH = b.BRANCH 
		    AND a.CUS_PRG = b.CUS_PRG
		INNER JOIN CUSDEC830C1 c 
		    ON a.SN = c.SNA1 
		    AND c.SNB1 = b.SN
		    AND a.rpt_no = b.rpt_no 
		    AND a.BRANCH = c.BRANCH 
		    AND a.CUS_PRG = c.CUS_PRG
		LEFT JOIN item_info2 d
		    ON b.hs = d.HS
		    AND a.exp_sdno = d.cmpny_cd
		    AND (CASE WHEN c.Mg_Cd = '' THEN c.Gnm1 ELSE c.Mg_Cd END) = d.item_code
		WHERE 1=1    
		<if test="list != null and list.size() > 0">
            AND a.exp_sdno IN 
            <foreach item="id" collection="list" open="(" separator="," close=")">
                #{id}
            </foreach>
       	</if>
       	AND a.Rpt_Seq = '00'
		AND (CASE WHEN c.Mg_Cd = '' THEN c.Gnm1 ELSE c.Mg_Cd END) = #{srch1}
		GROUP BY itemCode, hs, goodsName, cmpnyNm
		ORDER BY rptNo DESC, itemCode, hs
	</select>
	
	<select id="selectItemHsCodeDiffExpSubList" parameterType="searchVO" resultType="egovMap">
  		SELECT 
      		CONCAT(SUBSTRING(a.rpt_no, 1, 5), '-', 
             	   SUBSTRING(a.rpt_no, 6, 2), '-', 
             	   SUBSTRING(a.rpt_no, 8, 7)) AS rptNo,
      		b.ran_no AS ran, 
      		c.sil AS sil,
      		NULL AS taxKi, 
      		NULL AS gsRate,
      		FORMAT(ROUND(b.con_amt, 0), 0) AS price,
      		a.cur AS currency,
      		NULL AS totTaxSum,
      		IFNULL(I.cmmn_nm,'타관세법인') AS reporter
  		FROM CUSDEC830A1 a
  		LEFT JOIN (select cmmn_cd, cmmn_nm from cmmn_cd where grp_cd = 'IMPSHRPTCD') I
  		ON I.cmmn_cd = SUBSTRING(a.rpt_no, 1, 5)
  
  		INNER JOIN CUSDEC830B1 b ON a.SN = b.SNA1
       	AND a.rpt_no = b.rpt_no 
       	AND a.BRANCH = b.BRANCH 
       	AND a.CUS_PRG = b.CUS_PRG
       
  		INNER JOIN CUSDEC830C1 c ON a.SN = c.SNA1 AND c.SNB1 = b.SN
      	AND a.rpt_no = b.rpt_no 
      	AND a.BRANCH = c.BRANCH 
      	AND a.CUS_PRG = c.CUS_PRG
 		WHERE 1=1
 		<if test="list != null and list.size() > 0">
            AND a.exp_sdno IN 
            <foreach item="id" collection="list" open="(" separator="," close=")">
                #{id}
            </foreach>
       	</if>
       	AND a.Rpt_Seq = '00' 
      	AND (CASE WHEN c.Mg_Cd = '' THEN c.Gnm1 ELSE c.Mg_Cd END)= #{srch1}
      	AND b.hs = REPLACE(REPLACE(#{srch2}, '-', ''), '.', '')
    </select>
	
	<select id="selectItemPriceList" parameterType="searchVO" resultType="egovMap">
		SELECT * FROM (
			SELECT 
			    B.itemCode,
			    ROUND(MAX(B.maxCalc), 3) AS maxPrice,
			    ROUND(MIN(B.minCalc), 3) AS minPrice,
			    C.avgPrice
			FROM (
			    SELECT 
			    	CASE WHEN c.RG_code = '' THEN c.IMP_GName1 ELSE c.RG_code END AS itemCode, 
			        ROUND(a.Con_Rate_Usd, 1) * ROUND(c.upi, 2) AS maxCalc,
			        ROUND(a.Con_Rate_Usd, 1) * ROUND(c.upi, 2) AS minCalc
			    FROM cusdec929A1 a
			    INNER JOIN cusdec929B1 b 
			        ON a.sn = b.sna1 
			        AND a.rpt_no = b.rpt_no 
			        AND a.BRANCH = b.BRANCH 
			        AND a.CUS_PRG = b.CUS_PRG
			    INNER JOIN cusdec929C1 c 
			        ON a.sn = c.sna1 
			        AND b.sn = c.snb1 
			        AND a.rpt_no = b.rpt_no 
			        AND a.BRANCH = c.BRANCH 
			        AND a.CUS_PRG = c.CUS_PRG
			    WHERE 1=1 
				<if test="list != null and list.size() > 0">
		            AND a.nab_sdno IN 
		            <foreach item="id" collection="list" open="(" separator="," close=")">
		                #{id}
		            </foreach>
		       	</if>
	      		AND a.Rpt_Seq = '00' 
	   			AND (CASE WHEN c.RG_code = '' THEN c.IMP_GName1 ELSE c.RG_code END) = #{srch1}
    		) B
	    	CROSS JOIN (
			    SELECT 
			    	ROUND(SUM(a.Con_Rate_Usd * c.upi * c.qty) / SUM(c.qty), 4) AS avgPrice
			    FROM cusdec929A1 a
			    INNER JOIN cusdec929B1 b 
			        ON a.sn = b.sna1 
			        AND a.rpt_no = b.rpt_no 
			        AND a.BRANCH = b.BRANCH 
			        AND a.CUS_PRG = b.CUS_PRG
			    INNER JOIN cusdec929C1 c 
			        ON a.sn = c.sna1 
			        AND b.sn = c.snb1 
			        AND a.rpt_no = b.rpt_no 
			        AND a.BRANCH = c.BRANCH 
			        AND a.CUS_PRG = c.CUS_PRG
			    WHERE 1=1 
				<if test="list != null and list.size() > 0">
		            AND a.nab_sdno IN 
		            <foreach item="id" collection="list" open="(" separator="," close=")">
		                #{id}
		            </foreach>
		       	</if>
	      		AND a.Rpt_Seq = '00' 
	   			AND (CASE WHEN c.RG_code = '' THEN c.IMP_GName1 ELSE c.RG_code END) = #{srch1}
	   		) C
   			GROUP BY B.itemCode
	 	) AS A
		WHERE itemCode IS NOT NULL
		
		UNION
 
		SELECT * FROM (
			SELECT 
			    B.itemCode,
			    ROUND(MAX(B.maxCalc), 3) AS maxPrice,
			    ROUND(MIN(B.minCalc), 3) AS minPrice,
			    C.avgPrice
			FROM (
			    SELECT 
			        CASE WHEN c.Mg_Cd = '' THEN c.Gnm1 ELSE c.Mg_Cd END AS itemCode, 
			        ROUND(a.exc_rate_usd, 1) * ROUND(c.price, 2) AS maxCalc,
			        ROUND(a.exc_rate_usd, 1) * ROUND(c.price, 2) AS minCalc
			    FROM cusdec830A1 a
			    INNER JOIN cusdec830b1 b 
			        ON a.sn = b.sna1 
			        AND a.rpt_no = b.rpt_no 
			        AND a.BRANCH = b.BRANCH 
			        AND a.CUS_PRG = b.CUS_PRG
			    INNER JOIN cusdec830C1 c 
			        ON a.sn = c.sna1 
			        AND b.sn = c.snb1 
			        AND a.rpt_no = b.rpt_no 
			        AND a.BRANCH = c.BRANCH 
			        AND a.CUS_PRG = c.CUS_PRG
			    WHERE 1=1
			    <if test="list != null and list.size() > 0">
		            AND a.exp_sdno IN 
		            <foreach item="id" collection="list" open="(" separator="," close=")">
		                #{id}
		            </foreach>
		       	</if>
	      		AND a.Rpt_Seq = '00' 
	   			AND (CASE WHEN c.Mg_Cd = '' THEN c.Gnm1 ELSE c.Mg_Cd END) = #{srch1}
	   		) B
			CROSS JOIN (
			    SELECT 
			    	ROUND(SUM(a.exc_rate_usd * c.price * c.qty) / SUM(c.qty), 4) AS avgPrice
			    FROM cusdec830A1 a
			    INNER JOIN cusdec830b1 b 
			        ON a.sn = b.sna1 
			        AND a.rpt_no = b.rpt_no 
			        AND a.BRANCH = b.BRANCH 
			        AND a.CUS_PRG = b.CUS_PRG
			    INNER JOIN cusdec830c1 c 
			        ON a.sn = c.sna1 
			        AND b.sn = c.snb1 
			        AND a.rpt_no = b.rpt_no 
			        AND a.BRANCH = c.BRANCH 
			        AND a.CUS_PRG = c.CUS_PRG
			    WHERE 1=1
			    <if test="list != null and list.size() > 0">
		            AND a.exp_sdno IN 
		            <foreach item="id" collection="list" open="(" separator="," close=")">
		                #{id}
		            </foreach>
		       	</if>
	      		AND a.Rpt_Seq = '00' 
	   			AND (CASE WHEN c.Mg_Cd = '' THEN c.Gnm1 ELSE c.Mg_Cd END) = #{srch1}
	   		) C
	   		GROUP BY B.itemCode
	 	) AS B
		WHERE itemCode IS NOT NULL
	</select>
	
	<select id="selectItemOutOfRateList" parameterType="searchVO" resultType="egovMap">
		WITH rate AS (
		    SELECT 
		        a.nab_Firm,
		        a.blNo,
		        CONCAT(SUBSTRING(a.rpt_no, 1, 5), '-', SUBSTRING(a.rpt_no, 6, 2), '-', SUBSTRING(a.rpt_no, 8, 7)) AS rptNo,
		        b.ran_no AS ran, 
		        c.sil AS sil,
		        CONCAT(
		        	CASE WHEN a.Lis_Day != '' THEN 
		               	CONCAT(SUBSTRING(a.Lis_Day, 1, 4), '-', 
		                       SUBSTRING(a.Lis_Day, 5, 2), '-', 
		                       SUBSTRING(a.Lis_Day, 7, 2), ' ')
		                ELSE '' END
		        ) AS lisDay,
		        CASE WHEN c.RG_code = '' THEN c.IMP_GName1 ELSE c.RG_code END AS itemCode, 
		        ROUND(c.upi, 3) AS upi,
		        c.ut,
		        a.Con_Ki,
		        a.sup_firm,
		        a.con_cur AS currency, 
		        CASE 
		            WHEN ROUND(a.Con_Rate_Usd, 1) * c.upi = FLOOR(ROUND(a.Con_Rate_Usd, 1) * c.upi) THEN 
		                 ROUND(a.Con_Rate_Usd, 1) * c.upi
		            ELSE 
		                FORMAT(ROUND(a.Con_Rate_Usd, 1) * c.upi, 2)
		        END AS wonPrice,
		        CASE 
		            WHEN ROUND(SUM(a.Con_Rate_Usd * c.upi * c.qty) OVER () / SUM(c.qty) OVER (), 4) = FLOOR(ROUND(SUM(a.Con_Rate_Usd * c.upi * c.qty) OVER () / SUM(c.qty) OVER (), 4)) THEN 
		                 ROUND(SUM(a.Con_Rate_Usd * c.upi * c.qty) OVER () / SUM(c.qty) OVER (), 4)
		            ELSE 
		                FORMAT(ROUND(SUM(a.Con_Rate_Usd * c.upi * c.qty) OVER () / SUM(c.qty) OVER (), 4), 2)
		        END AS avgPrice,

		        ROUND(((ROUND(a.Con_Rate_Usd, 1) * c.upi) - 
		               (SUM(a.Con_Rate_Usd * c.upi * c.qty) OVER () / SUM(c.qty) OVER ())) / 
		               (SUM(a.Con_Rate_Usd * c.upi * c.qty) OVER () / SUM(c.qty) OVER ()) * 100, 2) 
		        AS inputVal,
				CONCAT(ROUND((ROUND(a.Con_Rate_Usd, 1) * c.upi) / (SUM(a.Con_Rate_Usd * c.upi * c.qty) OVER () / SUM(c.qty) OVER ()) * 100, 2), '%') 
				AS unitDiff
			FROM cusdec929A1 a
			INNER JOIN cusdec929B1 b 
		        ON a.sn = b.sna1 
		        AND a.rpt_no = b.rpt_no 
		        AND a.BRANCH = b.BRANCH 
		        AND a.CUS_PRG = b.CUS_PRG
			INNER JOIN cusdec929C1 c 
		        ON a.sn = c.sna1 
		        AND b.sn = c.snb1 
		        AND a.rpt_no = b.rpt_no 
		        AND a.BRANCH = c.BRANCH 
		        AND a.CUS_PRG = c.CUS_PRG
		    WHERE 1=1
		    <if test="list != null and list.size() > 0">
	            AND a.nab_sdno IN 
	            <foreach item="id" collection="list" open="(" separator="," close=")">
	                #{id}
	            </foreach>
	       	</if>
	       	AND a.Rpt_Seq = '00' 
       		AND (CASE WHEN c.RG_code = '' THEN c.IMP_GName1 ELSE c.RG_code END) = #{srch1}
       		
       		UNION 	 
	 
			SELECT 
				a.exp_Firm,
				a.blNo,
				CONCAT(SUBSTRING(a.rpt_no, 1, 5), '-', SUBSTRING(a.rpt_no, 6, 2), '-', SUBSTRING(a.rpt_no, 8, 7)) AS rptNo,
				b.ran_no AS ran, 
				c.sil AS sil,
				CONCAT(
					CASE WHEN a.Exp_Lis_Day != '' THEN 
						CONCAT(SUBSTRING(a.Exp_Lis_Day, 1, 4), '-', 
							   SUBSTRING(a.Exp_Lis_Day, 5, 2), '-', 
							   SUBSTRING(a.Exp_Lis_Day, 7, 2), ' ')
						ELSE '' END
				) AS lisDay,
				CASE WHEN c.Mg_Cd = '' THEN c.Gnm1 ELSE c.Mg_Cd END AS itemCode,
				ROUND(c.price, 3) AS price,
				a.ut,
				a.con_met,
				a.buy_firm,
				a.cur AS currency,
				ROUND(a.exc_rate_usd, 1) * c.price AS wonPrice,
			   	ROUND(SUM(a.exc_rate_usd * c.price * c.qty) OVER () / SUM(c.qty) OVER (), 4) AS avgPrice,
			   	ROUND(((ROUND(a.exc_rate_usd, 1) * c.price) - 
			            (SUM(a.exc_rate_usd * c.price * c.qty) OVER () / SUM(c.qty) OVER ())) / 
			            (SUM(a.exc_rate_usd * c.price * c.qty) OVER () / SUM(c.qty) OVER ()) * 100, 2) 
			    AS inputVal,
			   	CONCAT(
			   		ROUND((ROUND(a.exc_rate_usd, 1) * c.price) / (SUM(a.exc_rate_usd * c.price * c.qty) OVER () / SUM(c.qty) OVER ()) * 100, 2)
			   	, '%') AS unitDiff
			FROM CUSDEC830A1 a
			
			INNER JOIN CUSDEC830B1 b 
				ON a.SN = b.SNA1 
				AND a.rpt_no = b.rpt_no 
				AND a.BRANCH = b.BRANCH 
				AND a.CUS_PRG = b.CUS_PRG
			INNER JOIN CUSDEC830C1 c 
				ON a.SN = c.SNA1 
				AND c.SNB1 = b.SN 
				AND a.rpt_no = b.rpt_no 
				AND a.BRANCH = c.BRANCH 
				AND a.CUS_PRG = c.CUS_PRG
			<if test="list != null and list.size() > 0">
	            AND a.exp_sdno IN 
	            <foreach item="id" collection="list" open="(" separator="," close=")">
	                #{id}
	            </foreach>
	       	</if>
      		AND a.Rpt_Seq = '00' 
   			AND (CASE WHEN c.Mg_Cd = '' THEN c.Gnm1 ELSE c.Mg_Cd END) = #{srch1}
   		)
		SELECT * FROM rate WHERE ABS(COALESCE(inputVal, 10)) > #{srch4}
	</select>
	
	<select id="selectItemOutOfRateImpList" parameterType="searchVO" resultType="egovMap">
		WITH rate AS (
		    SELECT 
		        a.nab_Firm,
		        a.blNo,
		        CONCAT(SUBSTRING(a.rpt_no, 1, 5), '-', SUBSTRING(a.rpt_no, 6, 2), '-', SUBSTRING(a.rpt_no, 8, 7)) AS rptNo,
		        b.ran_no AS ran, 
		        c.sil AS sil,
		        CONCAT(
		        	CASE WHEN a.Lis_Day != '' THEN 
		               	CONCAT(SUBSTRING(a.Lis_Day, 1, 4), '-', 
		                       SUBSTRING(a.Lis_Day, 5, 2), '-', 
		                       SUBSTRING(a.Lis_Day, 7, 2), ' ')
		                ELSE '' END
		        ) AS lisDay,
		        CASE WHEN c.RG_code = '' THEN c.IMP_GName1 ELSE c.RG_code END AS itemCode, 
		        ROUND(c.upi, 3) AS upi,
		        c.ut,
		        a.Con_Ki,
		        a.sup_firm,
		        a.con_cur AS currency, 
		        CASE 
		            WHEN ROUND(a.Con_Rate_Usd, 1) * c.upi = FLOOR(ROUND(a.Con_Rate_Usd, 1) * c.upi) THEN 
		                 ROUND(a.Con_Rate_Usd, 1) * c.upi
		            ELSE 
		                FORMAT(ROUND(a.Con_Rate_Usd, 1) * c.upi, 2)
		        END AS wonPrice,
		        CASE 
		            WHEN ROUND(SUM(a.Con_Rate_Usd * c.upi * c.qty) OVER () / SUM(c.qty) OVER (), 4) = FLOOR(ROUND(SUM(a.Con_Rate_Usd * c.upi * c.qty) OVER () / SUM(c.qty) OVER (), 4)) THEN 
		                 ROUND(SUM(a.Con_Rate_Usd * c.upi * c.qty) OVER () / SUM(c.qty) OVER (), 4)
		            ELSE 
		                FORMAT(ROUND(SUM(a.Con_Rate_Usd * c.upi * c.qty) OVER () / SUM(c.qty) OVER (), 4), 2)
		        END AS avgPrice,

		        ROUND(((ROUND(a.Con_Rate_Usd, 1) * c.upi) - 
		               (SUM(a.Con_Rate_Usd * c.upi * c.qty) OVER () / SUM(c.qty) OVER ())) / 
		               (SUM(a.Con_Rate_Usd * c.upi * c.qty) OVER () / SUM(c.qty) OVER ()) * 100, 2) 
		        AS inputVal,
				CONCAT(ROUND((ROUND(a.Con_Rate_Usd, 1) * c.upi) / (SUM(a.Con_Rate_Usd * c.upi * c.qty) OVER () / SUM(c.qty) OVER ()) * 100, 2), '%') 
				AS unitDiff
			FROM cusdec929A1 a
			INNER JOIN cusdec929B1 b 
		        ON a.sn = b.sna1 
		        AND a.rpt_no = b.rpt_no 
		        AND a.BRANCH = b.BRANCH 
		        AND a.CUS_PRG = b.CUS_PRG
			INNER JOIN cusdec929C1 c 
		        ON a.sn = c.sna1 
		        AND b.sn = c.snb1 
		        AND a.rpt_no = b.rpt_no 
		        AND a.BRANCH = c.BRANCH 
		        AND a.CUS_PRG = c.CUS_PRG
		    WHERE 1=1
		    <if test="list != null and list.size() > 0">
	            AND a.nab_sdno IN 
	            <foreach item="id" collection="list" open="(" separator="," close=")">
	                #{id}
	            </foreach>
	       	</if>
	       	AND a.Rpt_Seq = '00' 
       		AND (CASE WHEN c.RG_code = '' THEN c.IMP_GName1 ELSE c.RG_code END) = #{srch1}
   		)
		SELECT * FROM rate
		WHERE ABS(inputVal) > #{srch4}
	</select>
	
	<select id="selectItemOutOfRateExpList" parameterType="searchVO" resultType="egovMap">
		WITH rate AS (
			SELECT 
				a.exp_Firm,
				a.blNo,
				CONCAT(SUBSTRING(a.rpt_no, 1, 5), '-', SUBSTRING(a.rpt_no, 6, 2), '-', SUBSTRING(a.rpt_no, 8, 7)) AS rptNo,
				b.ran_no AS ran, 
				c.sil AS sil,
				CONCAT(
					CASE WHEN a.Exp_Lis_Day != '' THEN 
						CONCAT(SUBSTRING(a.Exp_Lis_Day, 1, 4), '-', 
							   SUBSTRING(a.Exp_Lis_Day, 5, 2), '-', 
							   SUBSTRING(a.Exp_Lis_Day, 7, 2), ' ')
						ELSE '' END
				) AS lisDay,
				CASE WHEN c.Mg_Cd = '' THEN c.Gnm1 ELSE c.Mg_Cd END AS itemCode,
				ROUND(c.price, 3) AS price,
				a.ut,
				a.con_met,
				a.buy_firm,
				a.cur AS currency,
				ROUND(a.exc_rate_usd, 1) * c.price AS wonPrice,
			   	ROUND(SUM(a.exc_rate_usd * c.price * c.qty) OVER () / SUM(c.qty) OVER (), 4) AS avgPrice,
			   	ROUND(((ROUND(a.exc_rate_usd, 1) * c.price) - 
			            (SUM(a.exc_rate_usd * c.price * c.qty) OVER () / SUM(c.qty) OVER ())) / 
			            (SUM(a.exc_rate_usd * c.price * c.qty) OVER () / SUM(c.qty) OVER ()) * 100, 2) 
			    AS inputVal,
			   	CONCAT(
			   		ROUND((ROUND(a.exc_rate_usd, 1) * c.price) / (SUM(a.exc_rate_usd * c.price * c.qty) OVER () / SUM(c.qty) OVER ()) * 100, 2)
			   	, '%') AS unitDiff
			FROM CUSDEC830A1 a
			
			INNER JOIN CUSDEC830B1 b 
				ON a.SN = b.SNA1 
				AND a.rpt_no = b.rpt_no 
				AND a.BRANCH = b.BRANCH 
				AND a.CUS_PRG = b.CUS_PRG
			INNER JOIN CUSDEC830C1 c 
				ON a.SN = c.SNA1 
				AND c.SNB1 = b.SN 
				AND a.rpt_no = b.rpt_no 
				AND a.BRANCH = c.BRANCH 
				AND a.CUS_PRG = c.CUS_PRG
			<if test="list != null and list.size() > 0">
	            AND a.exp_sdno IN 
	            <foreach item="id" collection="list" open="(" separator="," close=")">
	                #{id}
	            </foreach>
	       	</if>
      		AND a.Rpt_Seq = '00' 
   			AND (CASE WHEN c.Mg_Cd = '' THEN c.Gnm1 ELSE c.Mg_Cd END) = #{srch1}
   		)
		SELECT * FROM rate
		WHERE ABS(inputVal) > #{srch4}
	</select>
	
	<select id="selectItemRptNoList" parameterType="searchVO" resultType="egovMap">
		SELECT 
		    a.nab_Firm,
		    a.blNo,
		    CONCAT(SUBSTRING(a.rpt_no, 1, 5), '-', SUBSTRING(a.rpt_no, 6, 2), '-', SUBSTRING(a.rpt_no, 8, 7)) AS rptNo,
		    b.ran_no AS ran, 
		    c.sil AS sil,
		    CONCAT(CASE WHEN a.Lis_Day != '' THEN 
					CONCAT(SUBSTRING(a.Lis_Day, 1, 4), '-', 
					   	   SUBSTRING(a.Lis_Day, 5, 2), '-', 
					       SUBSTRING(a.Lis_Day, 7, 2), ' ')
				   ELSE '' END
			) AS lisDay,
		    CASE 
		        WHEN c.RG_code = '' THEN c.IMP_GName1 
		        ELSE c.RG_code 
		    END AS itemCode,
		    ROUND(c.upi, 3) AS upi,
		    c.ut,
		    a.Con_Ki,
		    a.sup_firm,
		    a.con_cur AS currency,
		    CASE 
	        WHEN ROUND(a.Con_Rate_Usd, 1) * c.upi = FLOOR(ROUND(a.Con_Rate_Usd, 1) * c.upi) THEN 
	             ROUND(a.Con_Rate_Usd, 1) * c.upi
	        ELSE 
	            FORMAT(ROUND(a.Con_Rate_Usd, 1) * c.upi, 2)
    		END AS wonPrice,
		    CASE 
		        WHEN ROUND(SUM(a.Con_Rate_Usd * c.upi * c.qty) OVER () / SUM(c.qty) OVER (), 4) = FLOOR(ROUND(SUM(a.Con_Rate_Usd * c.upi * c.qty) OVER () / SUM(c.qty) OVER (), 4)) THEN 
		             ROUND(SUM(a.Con_Rate_Usd * c.upi * c.qty) OVER () / SUM(c.qty) OVER (), 4)
		        ELSE 
		            FORMAT(ROUND(SUM(a.Con_Rate_Usd * c.upi * c.qty) OVER () / SUM(c.qty) OVER (), 4), 2)
		    END AS avgPrice,
		    CONCAT(ROUND((ROUND(a.Con_Rate_Usd, 1) * c.upi) / (SUM(a.Con_Rate_Usd * c.upi * c.qty) OVER () / SUM(c.qty) OVER ()) * 100, 2), '%') AS unitDiff
		FROM cusdec929A1 a
		INNER JOIN cusdec929B1 b 
		    ON a.sn = b.sna1 
		    AND a.rpt_no = b.rpt_no 
		    AND a.BRANCH = b.BRANCH 
		    AND a.CUS_PRG = b.CUS_PRG
		INNER JOIN cusdec929C1 c 
		    ON a.sn = c.sna1 
		    AND b.sn = c.snb1 
		    AND a.rpt_no = b.rpt_no 
		    AND a.BRANCH = c.BRANCH 
		    AND a.CUS_PRG = c.CUS_PRG
		WHERE 1=1
		<if test="list != null and list.size() > 0">
            AND a.nab_sdno IN 
            <foreach item="id" collection="list" open="(" separator="," close=")">
                #{id}
            </foreach>
       	</if>
       	<choose>
		    <when test="srch10 == '01'">
		        AND lis_day BETWEEN REPLACE(#{srch2}, '-', '') AND REPLACE(#{srch3}, '-', '')
		    </when>
		</choose>
       	AND a.Rpt_Seq = '00' 
    	AND (CASE WHEN c.RG_code = '' THEN c.IMP_GName1 ELSE c.RG_code END) = #{srch1}
    	
    	UNION

		SELECT 
			a.exp_Firm,
			b.mg_code,
			CONCAT(SUBSTRING(a.rpt_no, 1, 5), '-', SUBSTRING(a.rpt_no, 6, 2), '-', SUBSTRING(a.rpt_no, 8, 7)) AS rptNo,
			b.ran_no AS ran, 
			c.sil AS sil,
			CONCAT(CASE WHEN a.Exp_Lis_Day != '' THEN 
						CONCAT(SUBSTRING(a.Exp_Lis_Day, 1, 4), '-', 
							    SUBSTRING(a.Exp_Lis_Day, 5, 2), '-', 
							    SUBSTRING(a.Exp_Lis_Day, 7, 2), ' ')
							    ELSE '' END
					) AS expLisDay,
			CASE WHEN c.Mg_Cd = '' THEN c.Gnm1 ELSE c.Mg_Cd END AS itemCode,
			ROUND(c.price, 3) AS price,
			a.ut,
			a.con_met,
			a.buy_firm,
			a.cur AS currency,
		   	CASE 
		        WHEN ROUND(a.exc_rate_usd, 1) * c.price = FLOOR(ROUND(a.exc_rate_usd, 1) * c.price) THEN 
		             ROUND(a.exc_rate_usd, 1) * c.price
		        ELSE 
		            FORMAT(ROUND(a.exc_rate_usd, 1) * c.price, 2)
    		END AS wonPrice,
		    CASE 
		        WHEN ROUND(SUM(a.exc_rate_usd * c.price * c.qty) OVER () / SUM(c.qty) OVER (), 4) = FLOOR(ROUND(SUM(a.exc_rate_usd * c.price * c.qty) OVER () / SUM(c.qty) OVER (), 4)) THEN 
		             ROUND(SUM(a.exc_rate_usd * c.price * c.qty) OVER () / SUM(c.qty) OVER (), 4)
		        ELSE 
		            FORMAT(ROUND(SUM(a.exc_rate_usd * c.price * c.qty) OVER () / SUM(c.qty) OVER (), 4), 2)
		    END AS avgPrice,
		   	CONCAT(ROUND((ROUND(a.exc_rate_usd, 1) * c.price) / (SUM(a.exc_rate_usd * c.price * c.qty) OVER () / SUM(c.qty) OVER ()) * 100, 2), '%') AS unitDiff
		FROM CUSDEC830A1 a
		INNER JOIN CUSDEC830B1 b 
			ON a.SN = b.SNA1 
			AND a.rpt_no = b.rpt_no 
			AND a.BRANCH = b.BRANCH 
			AND a.CUS_PRG = b.CUS_PRG
		INNER JOIN CUSDEC830C1 c 
			ON a.SN = c.SNA1 
			AND c.SNB1 = b.SN 
			AND a.rpt_no = b.rpt_no 
			AND a.BRANCH = c.BRANCH 
			AND a.CUS_PRG = c.CUS_PRG
		<if test="list != null and list.size() > 0">
            AND a.exp_sdno IN 
            <foreach item="id" collection="list" open="(" separator="," close=")">
                #{id}
            </foreach>
       	</if>
       	<choose>
		    <when test="srch10 == '01'">
		        AND exp_lis_day BETWEEN REPLACE(#{srch2}, '-', '') AND REPLACE(#{srch3}, '-', '')
		    </when>
		</choose>
   		AND a.Rpt_Seq = '00' 
		AND (CASE WHEN c.Mg_Cd = '' THEN c.Gnm1 ELSE c.Mg_Cd END) = #{srch1}
	</select>
	
	<select id="selectItemRptNoImpList" parameterType="searchVO" resultType="egovMap">
		SELECT 
		    a.nab_Firm,
		    a.blNo,
		    CONCAT(SUBSTRING(a.rpt_no, 1, 5), '-', SUBSTRING(a.rpt_no, 6, 2), '-', SUBSTRING(a.rpt_no, 8, 7)) AS rptNo,
		    b.ran_no AS ran, 
		    c.sil AS sil,
		    CONCAT(CASE WHEN a.Lis_Day != '' THEN 
					CONCAT(SUBSTRING(a.Lis_Day, 1, 4), '-', 
					   	   SUBSTRING(a.Lis_Day, 5, 2), '-', 
					       SUBSTRING(a.Lis_Day, 7, 2), ' ')
				   ELSE '' END
			) AS lisDay,
		    CASE 
		        WHEN c.RG_code = '' THEN c.IMP_GName1 
		        ELSE c.RG_code 
		    END AS itemCode,
		    ROUND(c.upi, 3) AS upi,
		    c.ut,
		    a.Con_Ki,
		    a.sup_firm,
		    a.con_cur AS currency,
		    CASE 
	        WHEN ROUND(a.Con_Rate_Usd, 1) * c.upi = FLOOR(ROUND(a.Con_Rate_Usd, 1) * c.upi) THEN 
	             ROUND(a.Con_Rate_Usd, 1) * c.upi
	        ELSE 
	            FORMAT(ROUND(a.Con_Rate_Usd, 1) * c.upi, 2)
    		END AS wonPrice,
		    CASE 
		        WHEN ROUND(SUM(a.Con_Rate_Usd * c.upi * c.qty) OVER () / SUM(c.qty) OVER (), 4) = FLOOR(ROUND(SUM(a.Con_Rate_Usd * c.upi * c.qty) OVER () / SUM(c.qty) OVER (), 4)) THEN 
		             ROUND(SUM(a.Con_Rate_Usd * c.upi * c.qty) OVER () / SUM(c.qty) OVER (), 4)
		        ELSE 
		            FORMAT(ROUND(SUM(a.Con_Rate_Usd * c.upi * c.qty) OVER () / SUM(c.qty) OVER (), 4), 2)
		    END AS avgPrice,
		    CONCAT(ROUND((ROUND(a.Con_Rate_Usd, 1) * c.upi) / (SUM(a.Con_Rate_Usd * c.upi * c.qty) OVER () / SUM(c.qty) OVER ()) * 100, 2), '%') AS unitDiff
		FROM cusdec929A1 a
		INNER JOIN cusdec929B1 b 
		    ON a.sn = b.sna1 
		    AND a.rpt_no = b.rpt_no 
		    AND a.BRANCH = b.BRANCH 
		    AND a.CUS_PRG = b.CUS_PRG
		INNER JOIN cusdec929C1 c 
		    ON a.sn = c.sna1 
		    AND b.sn = c.snb1 
		    AND a.rpt_no = b.rpt_no 
		    AND a.BRANCH = c.BRANCH 
		    AND a.CUS_PRG = c.CUS_PRG
		WHERE 1=1
		<if test="list != null and list.size() > 0">
            AND a.nab_sdno IN 
            <foreach item="id" collection="list" open="(" separator="," close=")">
                #{id}
            </foreach>
       	</if>
       	<choose>
		    <when test="srch10 == '01'">
		        AND lis_day BETWEEN REPLACE(#{srch2}, '-', '') AND REPLACE(#{srch3}, '-', '')
		    </when>
		</choose>
       	AND a.Rpt_Seq = '00' 
    	AND (CASE WHEN c.RG_code = '' THEN c.IMP_GName1 ELSE c.RG_code END) = #{srch1}
	</select>
	
	<select id="selectItemRptNoExpList" parameterType="searchVO" resultType="egovMap">
		SELECT 
			a.exp_Firm,
			b.mg_code,
			CONCAT(SUBSTRING(a.rpt_no, 1, 5), '-', SUBSTRING(a.rpt_no, 6, 2), '-', SUBSTRING(a.rpt_no, 8, 7)) AS rptNo,
			b.ran_no AS ran, 
			c.sil AS sil,
			CONCAT(CASE WHEN a.Exp_Lis_Day != '' THEN 
						CONCAT(SUBSTRING(a.Exp_Lis_Day, 1, 4), '-', 
							    SUBSTRING(a.Exp_Lis_Day, 5, 2), '-', 
							    SUBSTRING(a.Exp_Lis_Day, 7, 2), ' ')
							    ELSE '' END
					) AS expLisDay,
			CASE WHEN c.Mg_Cd = '' THEN c.Gnm1 ELSE c.Mg_Cd END AS itemCode,
			ROUND(c.price, 3) AS price,
			a.ut,
			a.con_met,
			a.buy_firm,
			a.cur AS currency,
		   	CASE 
		        WHEN ROUND(a.exc_rate_usd, 1) * c.price = FLOOR(ROUND(a.exc_rate_usd, 1) * c.price) THEN 
		             ROUND(a.exc_rate_usd, 1) * c.price
		        ELSE 
		            FORMAT(ROUND(a.exc_rate_usd, 1) * c.price, 2)
    		END AS wonPrice,
		    CASE 
		        WHEN ROUND(SUM(a.exc_rate_usd * c.price * c.qty) OVER () / SUM(c.qty) OVER (), 4) = FLOOR(ROUND(SUM(a.exc_rate_usd * c.price * c.qty) OVER () / SUM(c.qty) OVER (), 4)) THEN 
		             ROUND(SUM(a.exc_rate_usd * c.price * c.qty) OVER () / SUM(c.qty) OVER (), 4)
		        ELSE 
		            FORMAT(ROUND(SUM(a.exc_rate_usd * c.price * c.qty) OVER () / SUM(c.qty) OVER (), 4), 2)
		    END AS avgPrice,
		   	CONCAT(ROUND((ROUND(a.exc_rate_usd, 1) * c.price) / (SUM(a.exc_rate_usd * c.price * c.qty) OVER () / SUM(c.qty) OVER ()) * 100, 2), '%') AS unitDiff
		FROM CUSDEC830A1 a
		INNER JOIN CUSDEC830B1 b 
			ON a.SN = b.SNA1 
			AND a.rpt_no = b.rpt_no 
			AND a.BRANCH = b.BRANCH 
			AND a.CUS_PRG = b.CUS_PRG
		INNER JOIN CUSDEC830C1 c 
			ON a.SN = c.SNA1 
			AND c.SNB1 = b.SN 
			AND a.rpt_no = b.rpt_no 
			AND a.BRANCH = c.BRANCH 
			AND a.CUS_PRG = c.CUS_PRG
		<if test="list != null and list.size() > 0">
            AND a.exp_sdno IN 
            <foreach item="id" collection="list" open="(" separator="," close=")">
                #{id}
            </foreach>
       	</if>
       	<choose>
		    <when test="srch10 == '01'">
		        AND exp_lis_day BETWEEN REPLACE(#{srch2}, '-', '') AND REPLACE(#{srch3}, '-', '')
		    </when>
		</choose>
   		AND a.Rpt_Seq = '00' 
		AND (CASE WHEN c.Mg_Cd = '' THEN c.Gnm1 ELSE c.Mg_Cd END) = #{srch1}
	</select>
	
	<select id="selectHsList" parameterType="searchVO" resultType="egovMap">
		SELECT hs FROM item_info2 WHERE item_code = #{srch1}
	</select>
	
	<select id="selectItemLawCdList" parameterType="searchVO" resultType="egovMap">
		SELECT * FROM (
			SELECT  
				CASE WHEN c.RG_code = '' THEN c.IMP_GName1 ELSE c.RG_code END AS itemCode, 
				CONCAT(SUBSTRING(b.HS, 1, 4), '.', 
			           SUBSTRING(b.HS, 5, 2), '-', 
			           SUBSTRING(b.HS, 7, 4)) AS hs,
			   	b.Std_GName1 AS goodsName,
			   	a.Nab_Firm AS cmpnyNm,
			   	f.cont,
			   	b.Vit_Chk_Cnt AS includeCnt,
			   	b.Tot_C4_Cnt AS excludeCnt
			FROM cusdec929a1 a
			LEFT JOIN cusdec929B1 b 
				ON a.sn = b.sna1 
			 	AND a.rpt_no = b.rpt_no 
			 	AND a.BRANCH = b.BRANCH 
			 	AND a.CUS_PRG = b.CUS_PRG
			LEFT JOIN CUSDEC929C1 c
			  	ON a.SN = c.SNA1
			  	AND b.sn = c.SNB1
			  	AND a.rpt_no = c.rpt_no 
			  	AND a.BRANCH = c.BRANCH 
			  	AND a.CUS_PRG = c.CUS_PRG
			LEFT JOIN cusdec929d1 d 
				ON a.SN = d.SNA1
				AND b.SN = d.SNB1
				AND c.SN = d.SNC1
			  	AND a.rpt_no = d.rpt_no 
			  	AND a.BRANCH = d.BRANCH 
			  	AND a.CUS_PRG = d.CUS_PRG
			LEFT OUTER JOIN (SELECT DISTINCT CODE, cont FROM cdstd WHERE divi = '법령코드') f 
				ON d.LAW_CD = f.code
			WHERE 1=1
			<if test="list != null and list.size() > 0">
	            AND a.nab_sdno IN 
	            <foreach item="id" collection="list" open="(" separator="," close=")">
	                #{id}
	            </foreach>
	       	</if>
	       	AND a.Rpt_Seq = '00' 
	    	AND (CASE WHEN c.RG_code = '' THEN c.IMP_GName1 ELSE c.RG_code END) = #{srch1}
	    	
	    	UNION
			
			SELECT 
				CASE WHEN c.Mg_Cd = '' THEN c.Gnm1 ELSE c.Mg_Cd END AS itemCode, 
				CONCAT(SUBSTRING(b.HS, 1, 4), '.', 
			           SUBSTRING(b.HS, 5, 2), '-', 
			           SUBSTRING(b.HS, 7, 4)) AS hs,
			   	b.Std_Gnm AS goodsName,   
				a.exp_Firm AS cmpnyNm,
				f.cont,
				SUM(CASE WHEN f.cont IS NOT NULL THEN 1 ELSE 0 END) AS includeCnt,
    			SUM(CASE WHEN f.cont IS NULL THEN 1 ELSE 0 END) AS excludeCnt
			FROM cusdec830a1 a
			
			LEFT JOIN cusdec830B1 b 
				ON a.sn = b.sna1 
			 	AND a.rpt_no = b.rpt_no 
			 	AND a.BRANCH = b.BRANCH 
			 	AND a.CUS_PRG = b.CUS_PRG
			LEFT JOIN CUSDEC830C1 c 
			  	ON a.SN = c.SNA1
			  	AND b.SN = c.SNB1
			  	AND a.rpt_no = c.rpt_no 
			  	AND a.BRANCH = c.BRANCH 
			  	AND a.CUS_PRG = c.CUS_PRG
			LEFT JOIN cusdec830d1 d 
				ON a.SN = d.SNA1
				AND b.SN = d.SNB1
				AND c.SN = d.SNC1
			  	AND a.rpt_no = d.rpt_no 
			  	AND a.BRANCH = d.BRANCH 
			  	AND a.CUS_PRG = d.CUS_PRG
			LEFT OUTER JOIN (SELECT DISTINCT CODE, cont FROM cdstd WHERE divi = '법령코드') f 
				ON d.LAW_CD = f.code
				
			WHERE 1=1
			<if test="list != null and list.size() > 0">
	            AND a.exp_sdno IN 
	            <foreach item="id" collection="list" open="(" separator="," close=")">
	                #{id}
	            </foreach>
	       	</if>
	   		AND a.Rpt_Seq = '00' 
			AND (CASE WHEN c.Mg_Cd = '' THEN c.Gnm1 ELSE c.Mg_Cd END) = #{srch1}
			GROUP BY itemCode, hs
		) A
		WHERE itemCode IS NOT NULL 
	</select>
	
	
	
	<!-- 엑셀 레디 요건 정보  -->
	<select id="selectItemViewSpecExcelList" parameterType="searchVO" resultType="egovMap">
		SELECT  
			CASE WHEN c.RG_code = '' THEN c.IMP_GName1 ELSE c.RG_code END AS 'itemCode', 
			c.ran_no AS ran, 
			C.sil AS sil, 
			a.rpt_no AS rptNo,
			d.CONT AS criteria, 
			d.VIT_NO AS certNum,
			e.Exclude_NM AS nonEli
			FROM cusdec929a1 a
			INNER JOIN CUSDEC929C1 c 
			ON a.SN = c.SNA1 
			AND a.rpt_no = C.rpt_no 
			AND a.BRANCH = C.BRANCH 
			AND A.CUS_PRG = C.CUS_PRG
			INNER JOIN 
			(
			SELECT sna1, rpt_no ,branch, cus_prg, law_cd
			,GROUP_CONCAT(distinct b.cont SEPARATOR ',') as cont
			,GROUP_CONCAT(distinct VIT_NO SEPARATOR ',') as VIT_NO 
			FROM cusdec929d1 a
			LEFT OUTER JOIN (SELECT DISTINCT CODE, cont
			FROM cdstd
			WHERE divi = '법령코드') b
			ON a.LAW_CD = b.code
			GROUP BY a.sna1
			) d 
			ON a.SN = d.SNA1 
			AND a.rpt_no = D.rpt_no 
			AND a.BRANCH = D.BRANCH 
			AND A.CUS_PRG = D.CUS_PRG
			left JOIN CUSDEC929C4 e 
			on c.SNA1 = E.SNA1 
			AND c.rpt_no = E.rpt_no 
			AND c.BRANCH = E.BRANCH 
			AND c.CUS_PRG = E.CUS_PRG  
			AND c.ran_NO = e.Ran_no 
			AND CAST(c.sil AS INTEGER) = CAST(e.sil AS INTEGER)
			WHERE 1=1 
			AND (CASE WHEN c.RG_code = '' THEN c.IMP_GName1 ELSE c.RG_code END) = #{srch2}
			<if test="list != null and list.size() > 0">
	            AND a.nab_sdno IN 
	            <foreach item="id" collection="list" open="(" separator="," close=")">
	                #{id}
	            </foreach>
			</if>
			AND a.Rpt_Seq = '00'
	</select>
</mapper>