<?xml version="1.0" encoding="UTF-8"?>
<!DOCTYPE mapper PUBLIC "-//mybatis.org//DTD Mapper 3.0//EN" "http://mybatis.org/dtd/mybatis-3-mapper.dtd">
<mapper namespace="egovframework.pf.shipping.service.impl.ShippingMapper">

	<select id="selectShippingViewList" parameterType="searchVO" resultType="egovMap">
		SELECT
			COUNT(*) OVER() AS cnt,
			b.order_id,
		    order_state,
		    CONCAT(SUBSTRING(b.rpt_no, 1, 5), '-', SUBSTRING(b.rpt_no, 6, 2), '-', SUBSTRING(b.rpt_no, 8, 7)) AS rpt_no,
		    b.bl_no AS bl_no,
		    MAX(b.order_seq) AS orderSeq,
		    shipping_nm,
		    shipping_phn_no,
		    b.car_no,
		    b.car_nm,
		    b.car_phn_no,
		    dispatch_dt,
		    b.to_dt,
		    arrive_est_dt,
		    arrive_dt,
		    to_addr,
		    b.to_staff,
		    b.to_phn_no,
		    b.est_charge,
		    b.est_charge_add,
		    b.fixed_charge,
		    b.fixed_charge_add
		FROM shipping_order b
		WHERE 1 = 1
		<if test="list != null and list.size() > 0">
		    AND b.corp_no IN 
		    <foreach item="id" collection="list" open="(" separator="," close=")">
		        #{id}
		    </foreach>
		</if>
		 <choose>
			<when test="srch6 =='01'">
			 AND DATE_FORMAT(b.reg_dt, '%Y%m%d') Between REPLACE(#{srch2}, '-','') AND REPLACE(#{srch3}, '-','')
			</when>
			<otherwise>
			 AND DATE_FORMAT(b.arrive_dt, '%Y%m%d') Between REPLACE(#{srch2}, '-','') AND REPLACE(#{srch3}, '-','')
			</otherwise>
		</choose> 
		<if test="srch4 != null and srch4 != ''">
		    AND b.rpt_no LIKE CONCAT('%', UPPER(REPLACE(#{srch4},'-','')),'%')
		</if>
		<if test="list2 != null and list2.size() > 0">
		    AND (
		        <foreach item="blNo" collection="list2" open="(" separator="OR" close=")">
		            b.bl_no LIKE CONCAT('%', UPPER(#{blNo}),'%')
		        </foreach>
		    )
		</if>
		<choose>
		<when test="srch1 =='02'">
		AND order_state = '접수'
		</when>
		<when test="srch1 =='03'">
		AND order_state = '배차'
		</when>
		<when test="srch1 =='04'">
		AND order_state = '출발'
		</when>
		<when test="srch1 =='05'">
		AND order_state = '도착'
		</when>
		<when test="srch1 =='06'">
		AND order_state like '%취소%'
		</when>
		</choose>
		GROUP BY b.rpt_no
		ORDER BY MAX(b.reg_dt) DESC
	</select>
	
	<select id="selectShippingDstnList" parameterType="searchVO" resultType="egovMap">
		SELECT 
			addr_nm,
			phn_no,
			base_addr,
			dtls_addr,
			zip_code,
			seq
		FROM shipping_address
		WHERE corp_no = #{corpNo};
	</select>
	
	<insert id="insertAddr" parameterType="egovframework.pf.shipping.service.ShippingAddressVO">
		INSERT INTO shipping_address(
			id,
			corp_no,
			addr_nm,
			phn_no, 
			zip_code,
			base_addr,
			dtls_addr,
			reg_dt
		) VALUES(
			#{id},
			#{corpNo},
			#{addrNm},
			#{phnNo},
			#{zipCode},
			#{baseAddr},
			#{dtlsAddr},
			DATE_FORMAT(NOW(), '%Y%m%d')
		) ON DUPLICATE KEY UPDATE
		    corp_no = #{corpNo},
		    addr_nm = #{addrNm},
		    phn_no = #{phnNo},
		    zip_code = #{zipCode},
		    base_addr = #{baseAddr},
		    dtls_addr = #{dtlsAddr},
		    edt_dt = DATE_FORMAT(NOW(), '%Y%m%d'),
		    edt_id = #{id};
	</insert>
	
	<update id="updateAddr" parameterType="egovframework.pf.shipping.service.ShippingOrderVO">
		UPDATE shipping_address SET
			edt_id = #{id},
			corp_no = #{corpNo},
		    addr_nm = #{addrNm},
		    phn_no = #{phnNo},
		    zip_code = #{zipCode},
		    base_addr = #{baseAddr},
		    dtls_addr = #{dtlsAddr},
		    edt_dt = DATE_FORMAT(NOW(), '%Y%m%d')
		WHERE seq = #{seq}
	</update>
	
	<delete id="deleteAddr" parameterType="egovframework.pf.shipping.service.ShippingAddressVO">
		DELETE FROM shipping_address
		WHERE 1=1
		AND seq = #{seq}
	</delete>
	
	<insert id="insertShippingTempList" parameterType="egovframework.pf.shipping.service.ShippingAddressVO">
		INSERT INTO shipping_order_temp(
			order_seq,
			corp_no,
		 	rpt_no,
		 	bl_no,
		 	ct_no,
		 	from_specifics,
		 	from_dt,
		 	from_time,
		 	from_addr,
		 	to_dt,
		 	to_time,
		 	goods_weights,
		 	mix_yn,
		 	from_req,
		 	to_staff,
		 	to_phn_no,
		 	to_addr,
		 	shipper_manager,
		 	shipper_mail,
		 	cmpny_nm,
		 	manager_nm,
		 	bill_email,
		 	trans_details,
		 	tax_invoice,
		 	reg_dt,
		 	reg_id
		)VALUES(
			#{orderSeq},
			#{corpNo},
			#{rptNo},
			#{blNo},
			#{ctNo},
			#{fromSpecifics},
			#{fromDt},
			#{fromTime},
			#{fromAddr},
			#{toDt},
			#{toTime},
			#{goodsWeights},
			#{mixYn},
			#{fromReq},
			#{toStaff},
			#{toPhnNo},
			#{toAddr},
			#{shipperManager},
			#{shipperMail},
			#{cmpnyNm},
			#{managerNm},
			#{billEmail},
			#{transDetails},
			#{taxInvoice},
			DATE_FORMAT(NOW(), '%Y%m%d'),
	  		#{regId}
	  	) ON DUPLICATE KEY UPDATE
	  		ct_no = #{ctNo},
		    from_specifics = #{fromSpecifics},
		    from_dt = #{fromDt},
		    from_time = #{fromTime},
		    from_addr = #{fromAddr},
		    to_dt = #{toDt},
		    to_time = #{toTime},
		    goods_weights = #{goodsWeights},
		    mix_yn = #{mixYn},
		    from_req = #{fromReq},
		    to_staff = #{toStaff},
		    to_phn_no = #{toPhnNo},
		    to_addr = #{toAddr},
		    shipper_manager = #{shipperManager},
		    shipper_mail = #{shipperMail},
		    cmpny_nm = #{cmpnyNm},
		    corp_no = #{corpNo},
		    manager_nm = #{managerNm},
		    bill_email = #{billEmail},
		    trans_details = #{transDetails},
		    tax_invoice = #{taxInvoice},
		    edt_dt = DATE_FORMAT(NOW(), '%Y%m%d'),
		    edt_id = #{regId}
	</insert>
		
	<select id="selectShippingTempList" parameterType="searchVO" resultType="egovMap">
		SELECT * FROM shipping_order_temp
		WHERE rpt_no = #{srch1} AND bl_no = #{srch2};
	</select>
	
	<select id="selectShippingReqList" parameterType="searchVO" resultType="egovMap">
		SELECT 
		    c.contCnt,
		    COUNT(b.ct_no) OVER() AS ctNoCnt,
		    b.rpt_no,
		    b.bl_no,
		    b.order_id,
		    b.order_seq,
		    b.order_state,
		    b.rpt_type,
		    b.ct_no,
		    b.from_specifics,
		    b.from_dt,
		    b.from_time,
		    b.from_addr,
		    b.to_dt,
		    b.to_time,
		    b.est_charge,
		    b.goods_weights,
		    b.mix_yn,
		    b.from_req,
		    b.to_staff,
		    b.to_phn_no,
		    b.to_addr,
		    b.cmpny_nm,
		    b.corp_no,
		    b.manager_nm,
		    b.bill_email,
		    b.trans_details,
		    b.file_name,
		    b.shipper_manager,
		    b.shipper_mail,
		    b.reg_dt
		FROM shipping_order b
		LEFT JOIN (
		    SELECT 
		        COUNT(DISTINCT cont_no) AS contCnt
		    FROM cusdec929b3 
		    WHERE rpt_no = #{srch1}
		) AS c ON 1=1  
		WHERE b.rpt_no = #{srch1}
		and b.order_state NOT IN ('도착', '배차 취소', '운송 취소', '요청 취소')
	</select>
	
	<select id="selectShippingOrderSeqList" parameterType="searchVO" resultType="egovMap">
		SELECT 
			order_seq,
			order_state,
			order_id,
			ct_no,
			car_no,
			car_nm,
			car_phn_no,
			dispatch_dt,
			to_dt,
			arrive_est_dt,
			arrive_dt,
			to_addr,
			to_staff,
			to_phn_no,
			from_req
		FROM shipping_order
		WHERE rpt_no = #{srch1} AND bl_no = #{srch2}
		ORDER BY order_seq;
	</select>
	
	<select id="selectCtNoList" parameterType="searchVO" resultType="egovMap">
		SELECT  
         A.cont_seq,
         A.cont_no,
         CASE WHEN B.ct_no IS NOT NULL AND B.order_state NOT IN ('배차 취소', '운송 취소', '요청 취소') then 'Y' ELSE 'N' END AS shipReqYn
         FROM cusdec929b3selrdy A
         LEFT JOIN shipping_order B
	     ON A.rpt_no = B.rpt_no
	     AND A.cont_No = B.ct_no 
	     WHERE 1=1
	     AND A.rpt_no = #{srch1}
	     AND A.rpt_seq = '00'
	     
			union
			
			SELECT  
            A.cont_seq,
            A.cont_no,
            CASE WHEN B.ct_no IS NOT NULL AND B.order_state NOT IN ('배차 취소', '운송 취소', '요청 취소') then 'Y' ELSE 'N' END AS shipReqYn
         FROM cusdec929b3icnrdy A
         LEFT JOIN shipping_order B
	     ON A.rpt_no = B.rpt_no
	     AND A.cont_No = B.ct_no 
	     WHERE 1=1
	     AND A.rpt_no = #{srch1}
	     AND A.rpt_seq = '00'
	     
	     union
	     
	     SELECT  
            A.cont_seq,
            A.cont_no,
            CASE WHEN B.ct_no IS NOT NULL AND B.order_state NOT IN ('배차 취소', '운송 취소', '요청 취소') then 'Y' ELSE 'N' END AS shipReqYn
         FROM cusdec929b3airrdy A
         LEFT JOIN shipping_order B
	     ON A.rpt_no = B.rpt_no
	     AND A.cont_No = B.ct_no 
	     WHERE 1=1
	     AND A.rpt_no = #{srch1}
	     AND A.rpt_seq = '00'
	     
	     union
	     
	     SELECT  
            A.cont_seq,
            A.cont_no,
            CASE WHEN B.ct_no IS NOT NULL AND B.order_state NOT IN ('배차 취소', '운송 취소', '요청 취소') then 'Y' ELSE 'N' END AS shipReqYn
         FROM cusdec929b3bsnrdy A
         LEFT JOIN shipping_order B
	     ON A.rpt_no = B.rpt_no
	     AND A.cont_No = B.ct_no 
	     WHERE 1=1
	     AND A.rpt_no = #{srch1}
	     AND A.rpt_seq = '00'
	     ORDER BY cont_seq
	</select>
	
	<insert id="insertShippingReqList" parameterType="egovframework.pf.shipping.service.ShippingOrderVO">
		INSERT INTO shipping_order(
		    order_seq,
		    ct_no,
		    bl_no,
		    rpt_no,
		    to_staff,
		    to_phn_no,
		    to_addr,
		    shipper_manager,
		    shipper_mail,
		    to_dt,
		    cmpny_nm,
		    corp_no,
		    manager_nm,
		    from_dt,
		    from_addr,
		    bill_email,
		    trans_details,
		    tax_invoice,
		    goods_weights,
		    mix_yn,
		    from_req,
		    from_time,
		    to_time,
		    from_specifics,
		    file_name,
		    <!-- //////////// -->
		    order_id,
		    rpt_type,
		    order_state,
		    shipping_nm,
		    shipping_phn_no,
		    car_no,
		    car_nm,
		    car_phn_no,
		    dispatch_dt,
		    arrive_req_dt,
		    arrive_est_dt,
		    arrive_dt,
		    arrive_addr,
		    recv_nm,
		    recv_phn_no,
		    est_charge,
		    est_charge_add,
		    fixed_charge,
		    fixed_charge_add,
		    reg_dt,
		    reg_id
		) VALUES (
			#{orderSeq},
			IFNULL(#{ctNo},''),
		    #{blNo},
		    #{rptNo},
		    #{toStaff},
		    #{toPhnNo},
		    #{toAddr},
		    #{shipperManager},
		    #{shipperMail},
		    #{toDt}, <!-- 도착일시 -->
		    #{cmpnyNm},
		    #{corpNo},
		    #{managerNm},
		    #{fromDt},
		    #{fromAddr},
		    #{billEmail},
		    #{transDetails},
		    #{taxInvoice},
		    #{goodsWeights},
		    #{mixYn},
		    #{fromReq},
		    #{fromTime},
		    #{toTime}, <!-- 도착시간 -->
		    #{fromSpecifics},
		    #{fileName},
		    '', <!-- orderId -->
		    #{rptType},
		    '접수', <!-- 운송현황 -->
		    '', <!-- 운송사 담당자 -->
		    '', <!-- 운송사 연락처 -->
		    '', <!-- 차량번호 -->
		    '', <!-- 차량기사  -->
		    '', <!-- 기사 연락처 -->
		    '', <!-- 배차일시 -->
		    '', <!-- 도착요청일시 -->
		    '', <!-- 도착예정일시 -->
		    '', <!-- 도착일시 -->
		    '', <!-- 도착지주소 -->
		    '', <!-- 수령자 -->
		    '', <!-- 수령자 연락처 -->
		    0, 
		    0, 
		    0,
		    0,
		    NOW(),
		    #{regId}
		) ON DUPLICATE KEY UPDATE
		    order_seq = #{orderSeq},
		    ct_no = #{ctNo},
		    bl_no = #{blNo},
		    rpt_no = #{rptNo},
		    est_charge = #{estCharge},
		    to_staff = #{toStaff},
		    to_phn_no = #{toPhnNo},
		    to_addr = #{toAddr},
		    shipper_manager = #{shipperManager},
		    shipper_mail = #{shipperMail},
		    to_dt = #{toDt},  <!-- 도착일시 -->
		    cmpny_nm = #{cmpnyNm},
		    corp_no = #{corpNo},
		    manager_nm = #{managerNm},
		    trans_details = #{transDetails},
		    from_dt = #{fromDt},
		    from_addr = #{fromAddr},
		    bill_email = #{billEmail},
		    goods_weights = #{goodsWeights},
		    mix_yn = #{mixYn},
		    from_req = #{fromReq},
		    from_time = #{fromTime},
		    to_time = #{toTime},  <!-- 도착시간 -->
		    from_specifics = #{fromSpecifics},
		    file_name = #{fileName},
			order_id = '',
		    rpt_type = #{rptType},
		    edt_dt = NOW(),
		    edt_id = #{regId}
	</insert>
	
	<update id="orderCancel" parameterType="egovframework.pf.api.service.ApiOrderCancelVO">
			UPDATE SHIPPING_ORDER
			SET ORDER_STATE = '운송 취소'
			WHERE ORDER_ID = #{orderId}
	</update>
	
	<update id="updateShippingReqList" parameterType="egovframework.pf.shipping.service.ShippingOrderVO">
			UPDATE SHIPPING_ORDER SET
				order_seq = #{orderSeq},
				rpt_no = #{rptNo},
				bl_no = #{blNo},
				cmpny_nm = #{cmpnyNm},
				corp_no = #{corpNo},
				ct_no = #{ctNo},
				from_specifics = #{fromSpecifics},
				from_dt = #{fromDt},
				from_time = #{fromTime},
				from_addr = #{fromAddr},
				est_charge = 0,
				goods_weights = #{goodsWeights},
				mix_yn = #{mixYn},
				from_req = #{fromReq},
				to_staff = #{toStaff},
				to_phn_no = #{toPhnNo},
				to_addr = #{toAddr},
				to_dt = #{toDt},
				to_time = #{toTime},
				manager_nm = #{managerNm},
				bill_email = #{billEmail},
				shipper_manager = #{shipperManager},
				shipper_mail = #{shipperMail},
				trans_details = #{transDetails},
				tax_invoice = #{taxInvoice},
				file_name = #{fileName},
				edt_dt = #{regDt}
			WHERE ORDER_ID = #{orderId}
	</update>
	
	<select id="selectShippingOrder" parameterType="searchVO" resultType="egovMap">
		SELECT
		    COUNT(*) OVER() AS cnt,
			    rece,
			    CONCAT(SUBSTRING(a.rpt_no, 1, 5), '-', SUBSTRING(a.rpt_no, 6, 2), '-', SUBSTRING(a.rpt_no, 8, 7)) AS rpt_no,
			    blno, 
			    nab_firm, 
			    nab_sdno, 
			    sup_firm,
			    Inc_Day,
			    Rpt_Day,
			    Lis_Day,
			    tot_pack_cnt, 
			    tot_wt,
			    addr,
			    t.manager_nm,
				t.bill_email,
				t.shipper_manager, 
				t.shipper_mail,
			    contCnt,
			    IFNULL(v.ct_no,0) AS tempCnt,
			    ifnull(w.ct_no,0) AS shipCnt,
			    ifnull(y.ct_no,0) AS arriveCnt,
			    ifnull(x.orderseq,0) AS orderSeq
		FROM (
			SELECT 
		    a.rece,
		    a.rpt_no,
		    a.blno, 
		    a.nab_firm, 
		    a.nab_sdno, 
		    a.sup_firm,
		    CASE WHEN a.Inc_Day != '' THEN DATE_FORMAT(a.Inc_Day, '%Y-%m-%d') ELSE '' END AS Inc_Day,
		    CASE WHEN a.Rpt_Day != '' THEN DATE_FORMAT(a.Rpt_Day, '%Y-%m-%d') ELSE '' END AS Rpt_Day,
		    CASE WHEN a.Lis_Day != '' THEN DATE_FORMAT(a.Lis_Day, '%Y-%m-%d') ELSE '' END AS Lis_Day,
		    CONCAT(a.tot_pack_cnt, ' (', a.Tot_Pack_Ut, ')') AS tot_pack_cnt, 
		    CONCAT(a.Tot_Wt, ' (', a.tot_ut, ')') AS tot_wt,
		    ifnull(f.addr,'') AS addr,
		    ifnull(cont_no,0) AS contCnt
			FROM cusdec929a1selrdy a
			LEFT JOIN cdplaceselrdy f ON a.Chk_Pa_Mark = f.Pa_code
			LEFT JOIN 
		     (SELECT SNA1, RPT_NO, RPT_SEQ, COUNT(cont_no) AS cont_no
		      FROM cusdec929b3selrdy
		      GROUP BY SNA1, RPT_NO, RPT_SEQ) s
		 	ON a.SN = s.SNA1 AND a.Rpt_No = s.RPT_NO AND a.Rpt_Seq = s.Rpt_Seq
			WHERE 1=1 
			AND a.rpt_seq = '00'
			<choose>
			<when test="srch1 =='02'">
			AND CONVERT(a.rece USING utf8mb4) In ('수리', '자수')			
			</when>
			<when test="srch1 =='03'">
			AND CONVERT(a.rece USING utf8mb4) = '대기'			
			</when>
			<when test="srch1 =='04'">
			AND CONVERT(a.rece USING utf8mb4) = '결재'			
			</when>
			<when test="srch1 =='05'">
			AND CONVERT(a.rece USING utf8mb4) = '미결'			
			</when>
			<when test="srch1 =='06'">
			AND CONVERT(a.rece USING utf8mb4) = ''			
			</when>
			<when test="srch1 =='07'">
			AND CONVERT(a.rece USING utf8mb4) != ''			
			</when>
			</choose>
			<choose>
			<when test="srch8 =='01'">
			 AND a.rpt_Day Between REPLACE(#{srch2}, '-','') AND REPLACE(#{srch3}, '-','')
			</when>
			<otherwise>
			 AND a.Lis_Day Between REPLACE(#{srch2}, '-','') AND REPLACE(#{srch3}, '-','')
			</otherwise>
			</choose>			
			<if test="srch4 != null and srch4 != ''">
			AND a.rpt_no LIKE CONCAT('%',UPPER(REPLACE(#{srch4},'-','')),'%')
			</if>
			<if test="list2 != null and list2.size() > 0">
			    AND (
			        <foreach item="blNo" collection="list2" open="(" separator="OR" close=")">
			            a.blno LIKE CONCAT('%',UPPER(#{blNo}),'%')
			        </foreach>
			    )
			</if>
			<if test="list != null and list.size() > 0">
	            AND a.nab_sdno IN 
	            <foreach item="id" collection="list" open="(" separator="," close=")">
	                #{id}
	            </foreach>
	       	</if>
				    
			UNION 
		
			SELECT 
			    a.rece,
			    a.rpt_no,
			    a.blno, 
			    a.nab_firm, 
			    a.nab_sdno, 
			    a.sup_firm,
			    CASE WHEN a.Inc_Day != '' THEN DATE_FORMAT(a.Inc_Day, '%Y-%m-%d') ELSE '' END AS Inc_Day,
			    CASE WHEN a.Rpt_Day != '' THEN DATE_FORMAT(a.Rpt_Day, '%Y-%m-%d') ELSE '' END AS Rpt_Day,
			    CASE WHEN a.Lis_Day != '' THEN DATE_FORMAT(a.Lis_Day, '%Y-%m-%d') ELSE '' END AS Lis_Day,
			    CONCAT(a.tot_pack_cnt, ' (', a.Tot_Pack_Ut, ')') AS tot_pack_cnt, 
			    CONCAT(a.Tot_Wt, ' (', a.tot_ut, ')') AS tot_wt,
			    ifnull(f.addr,'') AS addr,
			    ifnull(cont_no,0) AS contCnt
				FROM cusdec929a1icnrdy a
				LEFT JOIN cdplaceicnrdy f ON a.Chk_Pa_Mark = f.Pa_code
				LEFT JOIN 
			     (SELECT SNA1, RPT_NO, RPT_SEQ, COUNT(cont_no) AS cont_no
			      FROM cusdec929b3icnrdy
			      GROUP BY SNA1, RPT_NO, RPT_SEQ) s
			 	ON a.SN = s.SNA1 AND a.Rpt_No = s.RPT_NO AND a.Rpt_Seq = s.Rpt_Seq
				WHERE 1=1 
				AND a.rpt_seq = '00'
				<choose>
				<when test="srch1 =='02'">
				AND CONVERT(a.rece USING utf8mb4) In ('수리', '자수')			
				</when>
				<when test="srch1 =='03'">
				AND CONVERT(a.rece USING utf8mb4) = '대기'			
				</when>
				<when test="srch1 =='04'">
				AND CONVERT(a.rece USING utf8mb4) = '결재'			
				</when>
				<when test="srch1 =='05'">
				AND CONVERT(a.rece USING utf8mb4) = '미결'			
				</when>
				<when test="srch1 =='06'">
				AND CONVERT(a.rece USING utf8mb4) = ''			
				</when>
				<when test="srch1 =='07'">
				AND CONVERT(a.rece USING utf8mb4) != ''			
				</when>
				</choose>
				<choose>
				<when test="srch8 =='01'">
				 AND a.rpt_Day Between REPLACE(#{srch2}, '-','') AND REPLACE(#{srch3}, '-','')
				</when>
				<otherwise>
				 AND a.Lis_Day Between REPLACE(#{srch2}, '-','') AND REPLACE(#{srch3}, '-','')
				</otherwise>
				</choose>			
				<if test="srch4 != null and srch4 != ''">
				AND a.rpt_no LIKE CONCAT('%',UPPER(REPLACE(#{srch4},'-','')),'%')
				</if>
				<if test="list2 != null and list2.size() > 0">
				    AND (
				        <foreach item="blNo" collection="list2" open="(" separator="OR" close=")">
				            a.blno LIKE CONCAT('%',UPPER(#{blNo}),'%')
				        </foreach>
				    )
				</if>
				<if test="list != null and list.size() > 0">
		            AND a.nab_sdno IN 
		            <foreach item="id" collection="list" open="(" separator="," close=")">
		                #{id}
		            </foreach>
		       	</if>
				    
			UNION 
		
			SELECT 
			    a.rece,
			    a.rpt_no,
			    a.blno, 
			    a.nab_firm, 
			    a.nab_sdno, 
			    a.sup_firm,
			    CASE WHEN a.Inc_Day != '' THEN DATE_FORMAT(a.Inc_Day, '%Y-%m-%d') ELSE '' END AS Inc_Day,
			    CASE WHEN a.Rpt_Day != '' THEN DATE_FORMAT(a.Rpt_Day, '%Y-%m-%d') ELSE '' END AS Rpt_Day,
			    CASE WHEN a.Lis_Day != '' THEN DATE_FORMAT(a.Lis_Day, '%Y-%m-%d') ELSE '' END AS Lis_Day,
			    CONCAT(a.tot_pack_cnt, ' (', a.Tot_Pack_Ut, ')') AS tot_pack_cnt, 
			    CONCAT(a.Tot_Wt, ' (', a.tot_ut, ')') AS tot_wt,
			    ifnull(f.addr,'') AS addr,
			    ifnull(cont_no,0) AS contCnt
				FROM cusdec929a1airrdy a
				LEFT JOIN cdplaceairrdy f ON a.Chk_Pa_Mark = f.Pa_code
				LEFT JOIN 
			     (SELECT SNA1, RPT_NO, RPT_SEQ, COUNT(cont_no) AS cont_no
			      FROM cusdec929b3airrdy
			      GROUP BY SNA1, RPT_NO, RPT_SEQ) s
			 	ON a.SN = s.SNA1 AND a.Rpt_No = s.RPT_NO AND a.Rpt_Seq = s.Rpt_Seq
				WHERE 1=1 
				AND a.rpt_seq = '00'
				<choose>
				<when test="srch1 =='02'">
				AND CONVERT(a.rece USING utf8mb4) In ('수리', '자수')			
				</when>
				<when test="srch1 =='03'">
				AND CONVERT(a.rece USING utf8mb4) = '대기'			
				</when>
				<when test="srch1 =='04'">
				AND CONVERT(a.rece USING utf8mb4) = '결재'			
				</when>
				<when test="srch1 =='05'">
				AND CONVERT(a.rece USING utf8mb4) = '미결'			
				</when>
				<when test="srch1 =='06'">
				AND CONVERT(a.rece USING utf8mb4) = ''			
				</when>
				<when test="srch1 =='07'">
				AND CONVERT(a.rece USING utf8mb4) != ''			
				</when>
				</choose>
				<choose>
				<when test="srch8 =='01'">
				 AND a.rpt_Day Between REPLACE(#{srch2}, '-','') AND REPLACE(#{srch3}, '-','')
				</when>
				<otherwise>
				 AND a.Lis_Day Between REPLACE(#{srch2}, '-','') AND REPLACE(#{srch3}, '-','')
				</otherwise>
				</choose>			
				<if test="srch4 != null and srch4 != ''">
				AND a.rpt_no LIKE CONCAT('%',UPPER(REPLACE(#{srch4},'-','')),'%')
				</if>
				<if test="list2 != null and list2.size() > 0">
				    AND (
				        <foreach item="blNo" collection="list2" open="(" separator="OR" close=")">
				            a.blno LIKE CONCAT('%',UPPER(#{blNo}),'%')
				        </foreach>
				    )
				</if>
				<if test="list != null and list.size() > 0">
		            AND a.nab_sdno IN 
		            <foreach item="id" collection="list" open="(" separator="," close=")">
		                #{id}
		            </foreach>
		       	</if>
		
					    
			UNION 
		
			SELECT 
			    a.rece,
			    a.rpt_no,
			    a.blno, 
			    a.nab_firm, 
			    a.nab_sdno, 
			    a.sup_firm,
			    CASE WHEN a.Inc_Day != '' THEN DATE_FORMAT(a.Inc_Day, '%Y-%m-%d') ELSE '' END AS Inc_Day,
			    CASE WHEN a.Rpt_Day != '' THEN DATE_FORMAT(a.Rpt_Day, '%Y-%m-%d') ELSE '' END AS Rpt_Day,
			    CASE WHEN a.Lis_Day != '' THEN DATE_FORMAT(a.Lis_Day, '%Y-%m-%d') ELSE '' END AS Lis_Day,
			    CONCAT(a.tot_pack_cnt, ' (', a.Tot_Pack_Ut, ')') AS tot_pack_cnt, 
			    CONCAT(a.Tot_Wt, ' (', a.tot_ut, ')') AS tot_wt,
			    ifnull(f.addr,'') AS addr,
			    ifnull(cont_no,0) AS contCnt
				FROM cusdec929a1bsnrdy a
				LEFT JOIN cdplacebsnrdy f ON a.Chk_Pa_Mark = f.Pa_code
				LEFT JOIN 
			     (SELECT SNA1, RPT_NO, RPT_SEQ, COUNT(cont_no) AS cont_no
			      FROM cusdec929b3bsnrdy
			      GROUP BY SNA1, RPT_NO, RPT_SEQ) s
			 	ON a.SN = s.SNA1 AND a.Rpt_No = s.RPT_NO AND a.Rpt_Seq = s.Rpt_Seq
				WHERE 1=1 
				AND a.rpt_seq = '00'
				<choose>
				<when test="srch1 =='02'">
				AND CONVERT(a.rece USING utf8mb4) In ('수리', '자수')			
				</when>
				<when test="srch1 =='03'">
				AND CONVERT(a.rece USING utf8mb4) = '대기'			
				</when>
				<when test="srch1 =='04'">
				AND CONVERT(a.rece USING utf8mb4) = '결재'			
				</when>
				<when test="srch1 =='05'">
				AND CONVERT(a.rece USING utf8mb4) = '미결'			
				</when>
				<when test="srch1 =='06'">
				AND CONVERT(a.rece USING utf8mb4) = ''			
				</when>
				<when test="srch1 =='07'">
				AND CONVERT(a.rece USING utf8mb4) != ''			
				</when>
				</choose>
				<choose>
				<when test="srch8 =='01'">
				 AND a.rpt_Day Between REPLACE(#{srch2}, '-','') AND REPLACE(#{srch3}, '-','')
				</when>
				<otherwise>
				 AND a.Lis_Day Between REPLACE(#{srch2}, '-','') AND REPLACE(#{srch3}, '-','')
				</otherwise>
				</choose>			
				<if test="srch4 != null and srch4 != ''">
				AND a.rpt_no LIKE CONCAT('%',UPPER(REPLACE(#{srch4},'-','')),'%')
				</if>
				<if test="list2 != null and list2.size() > 0">
				    AND (
				        <foreach item="blNo" collection="list2" open="(" separator="OR" close=")">
				            a.blno LIKE CONCAT('%',UPPER(#{blNo}),'%')
				        </foreach>
				    )
				</if>
				<if test="list != null and list.size() > 0">
		            AND a.nab_sdno IN 
		            <foreach item="id" collection="list" open="(" separator="," close=")">
		                #{id}
		            </foreach>
		       	</if>
		
			UNION 
		
			SELECT 
			    a.TI1_135 AS rece,
			    a.TI1_030 AS rpt_no,
			    a.TI1_053 AS blno, 
			    a.TI1_016 AS nab_firm, 
			    a.TI1_022 AS nab_sdno, 
			    a.TI1_026 AS sup_firm,
			    CASE WHEN a.TI1_055 != '' THEN DATE_FORMAT(a.TI1_055, '%Y-%m-%d') ELSE '' END AS Inc_Day,
			    CASE WHEN a.TI1_033 != '' THEN DATE_FORMAT(a.TI1_033, '%Y-%m-%d') ELSE '' END AS Rpt_Day,
			    CASE WHEN a.TI1_127 != '' THEN DATE_FORMAT(a.TI1_127, '%Y-%m-%d') ELSE '' END AS Lis_Day,
			    CONCAT(a.TI1_100, ' (', a.TI1_101, ')') AS tot_pack_cnt, 
			    CONCAT(a.TI1_102, ' (', a.TI1_103, ')') AS tot_wt,
			    ifnull(f.addr,'') AS addr,
			    0 AS contCnt
				FROM temp_import1bsnenc a
				LEFT JOIN cdplacebsnrdy f ON a.TI1_056 = f.Pa_code
				WHERE 1=1 
				<choose>
				<when test="srch1 =='02'">
				AND a.TI1_135 In ('수리', '자수')			
				</when>
				<when test="srch1 =='03'">
				AND a.TI1_135 = '대기'			
				</when>
				<when test="srch1 =='04'">
				AND a.TI1_135 = '결재'
				</when>
				<when test="srch1 =='05'">
				AND a.TI1_135 = '미결'			
				</when>
				<when test="srch1 =='06'">
				AND a.TI1_135 = ''			
				</when>
				<when test="srch1 =='07'">
				AND a.TI1_135 != ''			
				</when>
				</choose>
				<choose>
				<when test="srch8 =='01'">
				 AND a.TI1_033 Between REPLACE(#{srch2}, '-','') AND REPLACE(#{srch3}, '-','')
				</when>
				<otherwise>
				 AND a.TI1_127 Between REPLACE(#{srch2}, '-','') AND REPLACE(#{srch3}, '-','')
				</otherwise>
				</choose>			
				<if test="srch4 != null and srch4 != ''">
				AND a.TI1_030 LIKE CONCAT('%',UPPER(REPLACE(#{srch4},'-','')),'%')
				</if>
				<if test="list2 != null and list2.size() > 0">
				    AND (
				        <foreach item="blNo" collection="list2" open="(" separator="OR" close=")">
				            a.TI1_053 LIKE CONCAT('%',UPPER(#{blNo}),'%')
				        </foreach>
				    )
				</if>
				<if test="list != null and list.size() > 0">
		            AND a.TI1_022 IN 
		            <foreach item="id" collection="list" open="(" separator="," close=")">
		                #{id}
		            </foreach>
		       	</if>
				
				) a
		   LEFT JOIN 
				(SELECT corp_no, manager_nm, bill_email, shipper_manager, shipper_mail
				FROM shipping_order
				GROUP BY corp_no) t 
		   ON a.nab_sdno = t.corp_no
		   LEFT JOIN 
		        (SELECT corp_no, rpt_no, bl_no, COUNT(ct_no) AS ct_no
		         FROM shipping_order_temp
		         GROUP BY corp_no, rpt_no, bl_no) v
		   ON a.Rpt_No = v.rpt_no AND a.BlNo = v.bl_no
		   LEFT JOIN 
		        (SELECT corp_no, rpt_no, bl_no, COUNT(ct_no) AS ct_no
		         FROM shipping_order
		         WHERE 1=1
		         AND order_state NOT IN ("배차 취소", "운송 취소")
		         GROUP BY corp_no, rpt_no, bl_no) w 
		   ON a.Rpt_No = w.rpt_no AND a.BlNo = w.bl_no
		   LEFT JOIN 
		        (SELECT corp_no, rpt_no, bl_no, COUNT(ct_no) AS ct_no
		         FROM shipping_order
		         WHERE 1=1
		         AND order_state = "도착"
		         GROUP BY corp_no, rpt_no, bl_no) y 
		   ON a.Rpt_No = y.rpt_no AND a.BlNo = y.bl_no
		   LEFT JOIN 
		        (SELECT corp_no, rpt_no, bl_no, MAX(order_seq) AS orderSeq
		         FROM shipping_order
		         WHERE 1=1
		         GROUP BY corp_no, rpt_no, bl_no) x 
		   ON a.Rpt_No = x.rpt_no AND a.BlNo = x.bl_no
		   WHERE 1=1
		   <if test="srch1 == '08'">
				AND v.ct_no > 0
		   </if>
		   <if test="srch1 == '09'">
    			AND contCnt != 0 AND contCnt > IFNULL(y.ct_no, 0)
		   </if>
		   ORDER BY rpt_day desc, rpt_no desc
		   LIMIT #{recordCountPerPage} OFFSET #{startPage};
	</select>
	
</mapper>