<?xml version="1.0" encoding="UTF-8"?>
<!DOCTYPE mapper PUBLIC "-//mybatis.org//DTD Mapper 3.0//EN" "http://mybatis.org/dtd/mybatis-3-mapper.dtd">
<mapper namespace="egovframework.pf.cmmn.service.impl.UserMapper">

	<!-- 사용자 목록 조회 -->
	<select id="selectUserList" parameterType="searchVO" resultType="egovMap">
		<!-- SELECT A.USR_ID AS memberId
             , A.USR_NM AS memberName
             , A.USR_PW AS memberPwd
		     , A.USR_EMAIL AS memberEmail
		     , IFNULL(A.USR_TELNO,"")AS memberTel
		     , A.ALARM_EMAIL AS alarmEmail 
			 , A.ALARM_SMS AS alarmSMS
			 , A.ALARM_KAKAO AS alarmKakao
             , IFNULL(A.SHINHAN_MANER,"")AS shinhanManer
             , A.RECV_YN AS recvYn
             , A.GRP_CD AS grpCd
			 , B.CMPNY_NM AS compName
			 , B.TAX_NO AS compRegNo
             , CASE 
				    WHEN COALESCE(C.MANGER_EMAIL, '') != '' THEN 'Y'
        			ELSE 'N'  
				END AS mangerYn
           	 , B.AGREE_YN AS agreeYn
		     , A.DEL_YN AS delYn
		  FROM user_info A 
		  LEFT JOIN user_cmpny_info B ON A.USR_ID = B.USR_ID
		  LEFT JOIN CMPNY_INFO C ON B.TAX_NO = C.TAX_NO
		 WHERE A.DEL_YN = 'N' -->
		 	SELECT USR_ID AS memberId, 
				USR_NM AS memberName, 
				USR_PW AS memberPwd, 
				USR_EMAIL AS memberEmail, 
				IFNULL(USR_TELNO,"") AS memberTel,
				 ALARM_EMAIL AS alarmEmail, 
				 ALARM_SMS AS alarmSMS, 
				 ALARM_KAKAO AS alarmKakao, 
				 IFNULL(SHINHAN_MANER,"") AS shinhanManer, 
				 RECV_YN AS recvYn, 
				 GRP_CD AS grpCd, 
				 <!-- B.CMPNY_NM AS compName, 
				 B.TAX_NO AS compRegNo,  -->
				 APPR_YN AS apprYn, 
				 DEL_YN AS delYn
				FROM user_info 
				<!-- LEFT JOIN user_cmpny_info B ON A.USR_ID = B.USR_ID -->
			WHERE DEL_YN = 'N' 
			AND 1=1
            <if test="srch2 != null and srch2 != ''">
               AND USR_ID LIKE CONCAT('%',UPPER(#{srch2}),'%')
            </if>
            <if test="srch3 != null and srch3 != ''">
               AND USR_NM LIKE CONCAT('%',UPPER(#{srch3}),'%')
            </if>
            <if test="srch4 != null and srch4 != ''">
	             <choose>
			        <when test="srch4 == 'ALL'">
			            AND 1=1 
			        </when>
			        <otherwise>
			            AND APPR_YN = #{srch4}
			        </otherwise>
			    </choose>
		     </if>
            <if test="srch6 != null and srch6 != ''">
               AND MANUAL_YN = #{srch6]
            </if>
	        <choose>
	        	<!-- <when test="alignItem == 'B.CMPNY_NM'">
	        		ORDER BY B.CMPNY_NM
	        	</when>
	        	<when test="alignItem == 'B.CMPNY_NM_DESC'">
	        		ORDER BY B.CMPNY_NM DESC
	        	</when> -->
	        	<when test="alignItem == 'A.USR_ID'">
	        		ORDER BY USR_ID
	        	</when>
	        	<when test="alignItem == 'A.USR_ID_DESC'">
	        		ORDER BY USR_ID DESC
	        	</when>
	        	<otherwise>
	        	</otherwise>
	        </choose>
		 LIMIT #{recordCountPerPage} OFFSET #{startPage}
	</select>

	<!-- 사용자 목록 갯수 조회 -->
	<select id="selectUserListCnt" parameterType="searchVO" resultType="int">
		SELECT count(*)
				FROM user_info
				<!-- LEFT JOIN user_cmpny_info B ON A.USR_ID = B.USR_ID -->
			WHERE DEL_YN = 'N' AND 1=1
            <if test="srch2 != null and srch2 != ''">
               AND USR_ID LIKE CONCAT('%',UPPER(#{srch2}),'%')
            </if>
            <if test="srch3 != null and srch3 != ''">
               ANDUSR_NM LIKE CONCAT('%',UPPER(#{srch3}),'%')
            </if>
            <if test="srch4 != null and srch4 != ''">
               <choose>
			        <when test="srch4 == 'ALL'">
			            AND 1=1 <!-- 또는 원하는 다른 조건을 넣으세요 -->
			        </when>
			        <otherwise>
			            AND APPR_YN = #{srch4}
			        </otherwise>
			    </choose>
            </if>
	</select>
	
	<!-- 회사테이블 유무 -->
	<select id = "selectCmpny" parameterType="egovframework.pf.cmmn.service.SaveMemberUpateVO" resultType="int">
		SELECT COUNT(*)
	    FROM CMPNY_INFO 
	    WHERE TAX_NO = #{compRegNo}
		  AND CMPNY_NM = #{compName}
		  AND DEL_YN = 'N'
	</select>
	
	<!-- 사용자 정보 저장 -->
	<insert id="insertUserInfo" parameterType="egovframework.pf.cmmn.service.SaveMemberUpateVO">
		INSERT
		  INTO USER_INFO (USR_ID
		  				, USR_PW
						, USR_NM
						, USR_EMAIL
						, USR_TELNO
						, ALARM_EMAIL
						, ALARM_SMS
						, ALARM_KAKAO
						, RECV_YN
						, GRP_CD
						, SHINHAN_MANER
						, APPR_YN
						, DEL_YN
						, REG_DT
						, REG_ID
       ) VALUES (		
       					  #{memberId}
       					, #{memberPwd}
						, #{memberName}
						, #{memberEmail}
						, #{memberTel}
						, #{alarmEmail}
						, #{alarmSMS}
						, #{alarmKakao}
						, #{recvYn}
						, #{grpCd}
						, #{shinhanManer}
						, #{apprYn}
						, #{delYn}
						, DATE_FORMAT(NOW(), '%Y%m%d')
						, #{regId}
       ) ON DUPLICATE KEY
            UPDATE EDT_DT = DATE_FORMAT(NOW(), '%Y%m%d')
				 , EDT_ID = #{regId}
				 , USR_NM = #{memberName}
				 , USR_EMAIL = #{memberEmail}
				 , USR_TELNO = #{memberTel}
				 , ALARM_EMAIL = #{alarmEmail}
				 , ALARM_SMS = #{alarmSMS}
				 , ALARM_KAKAO = #{alarmKakao}
				 , SHINHAN_MANER = #{shinhanManer}
				 , GRP_CD = #{grpCd}
				 , RECV_YN = #{recvYn}
				 , APPR_YN = #{apprYn}
 				<if test = "delYn != null and delYn != ''">
					, DEL_YN = 'N'
				</if>
	</insert>
	
	<!--회사 정보 저장  -->
	<insert id="insertCmpnyInfo" parameterType="egovframework.pf.cmmn.service.SaveMemberUpateVO">
		INSERT 
			INTO USER_CMPNY_INFO (
			 			  USR_ID 
						, TAX_NO
						, CMPNY_NM
						, MANER_YN
						, DEL_YN
						, REG_DT
						, REG_ID
       ) VALUES (
       					  #{memberId}
						, #{compRegNo}
						, #{compName}
						, #{mangerYn}
						, #{delYn}
						, DATE_FORMAT(NOW(), '%Y%m%d')
						, #{regId}
			) ON DUPLICATE KEY
            UPDATE EDT_DT = DATE_FORMAT(NOW(), '%Y%m%d')
				 , EDT_ID = #{edtId}
				 , TAX_NO = #{compRegNo}
				 , CMPNY_NM = #{compName}
				 , MANER_YN = #{mangerYn}
 				<if test = "delYn != null and delYn != ''">
					, DEL_YN = #{delYn}
				</if>
	</insert>
	
	<!--회사 정보 저장  -->
	<insert id="insertCmpny" parameterType="egovframework.pf.cmmn.service.SaveMemberUpateVO">
		INSERT 
			INTO CMPNY_INFO (
						  TAX_NO
						, CMPNY_NM
						, DEL_YN
						, REG_DT
						, REG_ID
       ) VALUES (
						  #{compRegNo}
						, #{compName}
						, #{delYn}
						, DATE_FORMAT(NOW(), '%Y%m%d')
						, #{regId}
			) 
	</insert>
	
	<!-- 사용자 - 사업자 목록 조회 -->
	<select id="selectUserCompnyList" parameterType="searchVO" resultType="egovMap">
			SELECT USR_ID AS memberId
					,CMPNY_NM AS compName
					,TAX_NO AS compRegNo
					,MANER_YN AS mangerYn
					,DEL_YN AS delYn
			  FROM USER_CMPNY_INFO  
			 WHERE DEL_YN = 'N'
            <if test="srch2 != null and srch2 != ''">
               AND USR_ID LIKE CONCAT('%',UPPER(#{srch2}),'%')
            </if>
            <if test="srch5 != null and srch5 != ''">
               AND CMPNY_NM LIKE CONCAT('%',UPPER(#{srch5}),'%')
            </if>
	         <choose>
	        	<when test="alignItem == 'B.CMPNY_NM'">
	        		ORDER BY CMPNY_NM
	        	</when>
	        	<when test="alignItem == 'B.CMPNY_NM_DESC'">
	        		ORDER BY CMPNY_NM DESC
	        	</when>
	        	<when test="alignItem == 'A.USR_ID'">
	        		ORDER BY USR_ID
	        	</when>
	        	<when test="alignItem == 'A.USR_ID_DESC'">
	        		ORDER BY USR_ID DESC
	        	</when>
	        	<otherwise>
	        		ORDER BY CMPNY_NM
	        	</otherwise>
	        </choose>
		 LIMIT #{recordCountPerPage} OFFSET #{startPage}
	</select>

	<!-- 사용자 - 사업자  목록 갯수 조회 -->
	<select id="selectUserCompnyListCnt" parameterType="searchVO" resultType="int">
		SELECT COUNT(*)
		  FROM USER_CMPNY_INFO
		 	WHERE DEL_YN = 'N'
            <if test="srch2 != null and srch2 != ''">
               AND USR_ID LIKE CONCAT('%',UPPER(#{srch2}),'%')
            </if>
            <if test="srch5 != null and srch5 != ''">
               AND CMPNY_NM LIKE CONCAT('%',UPPER(#{srch5}),'%')
            </if>
	</select>

	<!-- 사용자별ID 정보 저장 
	<insert id="insertUserPeIdInfo" parameterType="egovframework.fta.cmmn.service.SaveFtaUserVO">
		INSERT
		  INTO CMPNY_ID_INFO (
							  CMPNY_CD
							, USR_ID
							, USR_PW
							, OFFCR_NM
							, OFFCR_EMAIL
							, OFFCR_TELNO
							, RECV_YN
							, RECV_ITEM_LIST
							, GRP_CD
							, DEL_YN
							, REG_DT
							, REG_ID
							, REG_IP
	       ) VALUES (
							  #{cmpnyCd}
							, #{usrId}
							, PASSWORD(#{usrPw})
							, #{offcrNm}
							, #{offcrEmail}
							, #{offcrTelno}
							, #{recvYn}
							, #{recvItemList}
							, #{grpCd}
							<choose>
								<when test="delYn != null and delYn != ''">
								   , #{delYn}
								</when>
								<otherwise>
								   , 'N'
								</otherwise>
							</choose>
							, DATE_FORMAT(NOW(), '%Y%m%d')
							, #{regId}
							, #{regIp}
	       ) ON DUPLICATE KEY
	            UPDATE EDT_DT = DATE_FORMAT(NOW(), '%Y%m%d')
					 , EDT_ID = #{edtId}
					 , EDT_IP = #{edtIp}
					 <if test="usrPw != 'disable'">
					 	, USR_PW = PASSWORD(#{usrPw})
					 </if>
					 , OFFCR_NM = #{offcrNm}
					 , OFFCR_EMAIL = #{offcrEmail}
					 , RECV_YN = #{recvYn}
					 , RECV_ITEM_LIST = #{recvItemList}
					 , GRP_CD = #{grpCd}
	 				<if test = "delYn != null and delYn != ''">
						, DEL_YN = #{delYn}
					</if>
					<if test = "delYn == null and delYn == ''">
						, DEL_YN = 'N'
					</if>
	</insert>-->


	
</mapper>