<?xml version="1.0" encoding="UTF-8"?>
<!DOCTYPE mapper PUBLIC "-//mybatis.org//DTD Mapper 3.0//EN" "http://mybatis.org/dtd/mybatis-3-mapper.dtd">
<mapper namespace="egovframework.pf.dashboard.service.impl.DashboardMapper">

	<select id="selectDashManagerInfo" parameterType="searchVO" resultType="egovMap">
	SELECT * FROM 
		(
		SELECT 
		chr_type1 as usrType,
	    chr_name1 as usrNm,
	    chr_email1 as usrEmail,
	    chr_tel1 as usrTel
		FROM 
		    cmpny_charge_info
		WHERE 
		    tax_no = #{corpNo}
		UNION 
		
		SELECT 
		chr_type2 as usrType,
	    chr_name2 as usrNm,
	    chr_email2 as usrEmail,
	    chr_tel2 as usrTel
		FROM 
		    cmpny_charge_info
		WHERE 
		    tax_no = #{corpNo}
		    
		UNION 
		
		SELECT 
		chr_type3 as usrType,
		chr_name3 as usrNm,
	    chr_email3 as usrEmail,
	    chr_tel3 as usrTel
		FROM 
		    cmpny_charge_info
		WHERE 
		    tax_no = #{corpNo}
			
		UNION
		
		SELECT 
		chr_type4 as usrType,
		chr_name4 as usrNm,
	    chr_email4 as usrEmail,
	    chr_tel4 as usrTel
		FROM 
		    cmpny_charge_info
		WHERE 
		    tax_no = #{corpNo}
			
		UNION
		
    	SELECT 
        'IT담당자' AS usrType, 
        CASE 
            WHEN #{corpNo} IN ('2118180957','3128109408','3128103345','1298118421') 
            THEN '권예지' 
            ELSE '박상아' 
        END AS usrNm, 
        CASE 
            WHEN #{corpNo} IN ('2118180957','3128109408','3128103345','1298118421') 
            THEN 'yjkwon@customsservice.co.kr' 
            ELSE 'sapark@customsservice.co.kr' 
        END AS usrEmail, 
        CASE 
            WHEN #{corpNo} IN ('2118180957','3128109408','3128103345','1298118421') 
            THEN '070-4343-7729' 
            ELSE '070-4343-7732' 
        END AS usrTel 
    FROM dual  
	) A 
		WHERE usrNm != ''
	</select>
	
	
	<select id="selectDashboardInfoImp1" parameterType="searchVO" resultType="egovMap">
<!-- 		SELECT 
	    CONCAT(SUBSTR(YEAR(NOW() - INTERVAL (t.n) MONTH),3,2),'년 ', LPAD(MONTH(NOW() - INTERVAL (t.n) MONTH), 2, '0'),'월') AS sumDate,
	    COUNT(cda.lis_day) AS cnt,
	    FORMAT(COALESCE(SUM(cda.tot_tax_sum), 0), 0) AS sumTax,
	    FORMAT(COALESCE(SUM(cda.tot_tax_krw), 0), 0) AS sumKrw
		FROM (
		    SELECT 0 AS n UNION ALL SELECT 1 UNION ALL SELECT 2 UNION ALL SELECT 3 UNION ALL SELECT 4
		    UNION ALL SELECT 5 UNION ALL SELECT 6 UNION ALL SELECT 7 UNION ALL SELECT 8 UNION ALL SELECT 9
		    UNION ALL SELECT 10 UNION ALL SELECT 11
		) AS t
		LEFT JOIN cusdec929a1 AS cda ON SUBSTR(cda.lis_day, 1, 6) = CONCAT(YEAR(NOW() - INTERVAL (t.n) MONTH), LPAD(MONTH(NOW() - INTERVAL (t.n) MONTH), 2, '0'))
		AND cda.rpt_seq = '00'
		<if test="list != null and list.size() > 0">
            AND cda.nab_sdno IN 
            <foreach item="id" collection="list" open="(" separator="," close=")">
                #{id}
            </foreach>
		</if>
		GROUP BY YEAR(NOW() - INTERVAL (t.n) MONTH), MONTH(NOW() - INTERVAL (t.n) MONTH)
		ORDER BY YEAR(NOW() - INTERVAL (t.n) MONTH) DESC, MONTH(NOW() - INTERVAL (t.n) MONTH) DESC; -->
		WITH date_range AS (
	    SELECT DATE_FORMAT(DATE_SUB(CONCAT(#{srch2},'-01'), INTERVAL t.n MONTH), '%Y%m') AS lis_day
	    FROM (
	        SELECT 0 AS n UNION ALL SELECT 1 UNION ALL SELECT 2 UNION ALL SELECT 3
	        UNION ALL SELECT 4 UNION ALL SELECT 5 UNION ALL SELECT 6 UNION ALL SELECT 7
	        UNION ALL SELECT 8 UNION ALL SELECT 9 UNION ALL SELECT 10 UNION ALL SELECT 11
			    ) t
			)
			SELECT 
			    CONCAT(LEFT(dr.lis_day, 4), '년 ', RIGHT(dr.lis_day, 2), '월') AS sumDate,
			    IFNULL(A.CNT, 0) + IFNULL(B.CNT, 0) + IFNULL(C.CNT, 0) + IFNULL(D.CNT, 0) + IFNULL(E.CNT, 0) + IFNULL(F.CNT, 0) AS CNT,
			    FORMAT(IFNULL(A.tot_tax_sum, 0) + IFNULL(B.tot_tax_sum, 0) + IFNULL(C.tot_tax_sum, 0) + IFNULL(D.tot_tax_sum, 0) + IFNULL(E.tot_tax_sum, 0) + IFNULL(F.tot_tax_sum, 0), 0) AS sumTax,
			    FORMAT(IFNULL(A.tot_tax_krw, 0) + IFNULL(B.tot_tax_krw, 0) + IFNULL(C.tot_tax_krw, 0) + IFNULL(D.tot_tax_krw, 0) + IFNULL(E.tot_tax_krw, 0) + IFNULL(F.tot_tax_krw, 0), 0) AS sumKrw
			FROM date_range dr
			LEFT JOIN (
			    SELECT 
			        SUBSTR(lis_day, 1, 6) AS lis_day,
			        COUNT(lis_day) AS CNT,
			        SUM(tot_tax_sum) AS tot_tax_sum,
			        SUM(tot_tax_krw) AS tot_tax_krw
			    FROM cusdec929a1selrdy
			    WHERE rpt_seq = '00'
			    <if test="list != null and list.size() > 0">
			        AND nab_sdno IN 
			        <foreach item="id" collection="list" open="(" separator="," close=")">
			            #{id}
			        </foreach>
			    </if>
			    GROUP BY SUBSTR(lis_day, 1, 6)
			) A ON dr.lis_day = A.lis_day
			LEFT JOIN (
			    SELECT 
			        SUBSTR(lis_day, 1, 6) AS lis_day,
			        COUNT(lis_day) AS CNT,
			        SUM(tot_tax_sum) AS tot_tax_sum,
			        SUM(tot_tax_krw) AS tot_tax_krw
			    FROM cusdec929a1icnrdy
			    WHERE rpt_seq = '00'
			    <if test="list != null and list.size() > 0">
			        AND nab_sdno IN 
			        <foreach item="id" collection="list" open="(" separator="," close=")">
			            #{id}
			        </foreach>
			    </if>
			    GROUP BY SUBSTR(lis_day, 1, 6)
			) B ON dr.lis_day = B.lis_day
			LEFT JOIN (
			    SELECT 
			        SUBSTR(lis_day, 1, 6) AS lis_day,
			        COUNT(lis_day) AS CNT,
			        SUM(tot_tax_sum) AS tot_tax_sum,
			        SUM(tot_tax_krw) AS tot_tax_krw
			    FROM cusdec929a1airrdy
			    WHERE rpt_seq = '00'
			    <if test="list != null and list.size() > 0">
			        AND nab_sdno IN 
			        <foreach item="id" collection="list" open="(" separator="," close=")">
			            #{id}
			        </foreach>
			    </if>
			    GROUP BY SUBSTR(lis_day, 1, 6)
			) C ON dr.lis_day = C.lis_day
			LEFT JOIN (
			    SELECT 
			        SUBSTR(lis_day, 1, 6) AS lis_day,
			        COUNT(lis_day) AS CNT,
			        SUM(tot_tax_sum) AS tot_tax_sum,
			        SUM(tot_tax_krw) AS tot_tax_krw
			    FROM cusdec929a1bsnrdy
			    WHERE rpt_seq = '00'
			    <if test="list != null and list.size() > 0">
			        AND nab_sdno IN 
			        <foreach item="id" collection="list" open="(" separator="," close=")">
			            #{id}
			        </foreach>
			    </if>
			    GROUP BY SUBSTR(lis_day, 1, 6)
			) D ON dr.lis_day = D.lis_day
			LEFT JOIN (
			    SELECT 
			        SUBSTR(TI1_127, 1, 6) AS lis_day,
			        COUNT(TI1_127) AS CNT,
			        SUM(TI1_122) AS tot_tax_sum,
			        SUM(TI1_107) AS tot_tax_krw
			    FROM temp_import1bsnenc
			    WHERE 1=1
			    AND TI1_001 NOT LIKE '%M'
			    <if test="list != null and list.size() > 0">
			        AND TI1_022 IN 
			        <foreach item="id" collection="list" open="(" separator="," close=")">
			            #{id}
			        </foreach>
			    </if>
			    GROUP BY SUBSTR(TI1_127, 1, 6)
			) E ON dr.lis_day = E.lis_day
			LEFT JOIN (
			    SELECT
			        SUBSTR(lis_day, 1, 6) AS lis_day,
			        COUNT(lis_day) AS CNT,
			        SUM(tot_tax_sum) AS tot_tax_sum,
			        SUM(tot_tax_krw) AS tot_tax_krw
			    FROM cusdec929a1
			    WHERE rpt_seq = '00' AND branch = 'iOOM'
			    <if test="list != null and list.size() > 0">
			        AND nab_sdno IN 
			        <foreach item="id" collection="list" open="(" separator="," close=")">
			            #{id}
			        </foreach>
			    </if>
			    GROUP BY SUBSTR(lis_day, 1, 6)
			) F ON dr.lis_day = F.lis_day
			ORDER BY dr.lis_day DESC;
	</select>
	
	<select id="selectDashboardInfoExp1" parameterType="searchVO" resultType="egovMap">
		<!-- SELECT 
	    CONCAT(SUBSTR(YEAR(NOW() - INTERVAL (t.n) MONTH),3,2),'년 ', LPAD(MONTH(NOW() - INTERVAL (t.n) MONTH), 2, '0'),'월') AS sumDate,
	    COUNT(cda.exp_lis_day) AS cnt,
	    FORMAT(COALESCE(SUM(cda.tot_rpt_krw), 0), 0) AS sumKrw
		FROM (
		    SELECT 0 AS n UNION ALL SELECT 1 UNION ALL SELECT 2 UNION ALL SELECT 3 UNION ALL SELECT 4
		    UNION ALL SELECT 5 UNION ALL SELECT 6 UNION ALL SELECT 7 UNION ALL SELECT 8 UNION ALL SELECT 9
		    UNION ALL SELECT 10 UNION ALL SELECT 11
		) AS t
		LEFT JOIN cusdec830a1 AS cda ON SUBSTR(cda.exp_lis_day, 1, 6) = CONCAT(YEAR(NOW() - INTERVAL (t.n) MONTH), LPAD(MONTH(NOW() - INTERVAL (t.n) MONTH), 2, '0'))
		AND cda.rpt_seq = '00'
		<if test="list != null and list.size() > 0">
            AND cda.exp_sdno IN 
            <foreach item="id" collection="list" open="(" separator="," close=")">
                #{id}
            </foreach>
		</if>
		GROUP BY YEAR(NOW() - INTERVAL (t.n) MONTH), MONTH(NOW() - INTERVAL (t.n) MONTH)
		ORDER BY YEAR(NOW() - INTERVAL (t.n) MONTH) DESC, MONTH(NOW() - INTERVAL (t.n) MONTH) DESC; -->
		WITH date_range AS (
		    SELECT DATE_FORMAT(DATE_SUB(CONCAT(#{srch2},'-01'), INTERVAL t.n MONTH), '%Y%m') AS exp_lis_day
		    FROM (
		        SELECT 0 AS n UNION ALL SELECT 1 UNION ALL SELECT 2 UNION ALL SELECT 3
		        UNION ALL SELECT 4 UNION ALL SELECT 5 UNION ALL SELECT 6 UNION ALL SELECT 7
		        UNION ALL SELECT 8 UNION ALL SELECT 9 UNION ALL SELECT 10 UNION ALL SELECT 11
		    ) t
		)
		SELECT 
		    CONCAT(LEFT(dr.exp_lis_day, 4), '년 ', RIGHT(dr.exp_lis_day, 2), '월') AS sumDate,
		    IFNULL(A.CNT, 0) + IFNULL(B.CNT, 0) + IFNULL(C.CNT, 0) + IFNULL(D.CNT, 0) + IFNULL(E.CNT, 0) + IFNULL(F.CNT, 0) AS CNT,
		    FORMAT(IFNULL(A.tot_rpt_krw, 0) + IFNULL(B.tot_rpt_krw, 0) + IFNULL(C.tot_rpt_krw, 0) + IFNULL(D.tot_rpt_krw, 0) + IFNULL(E.tot_rpt_krw, 0) + IFNULL(F.tot_rpt_krw, 0), 0) AS sumKrw
		FROM date_range dr
		LEFT JOIN (
		    SELECT 
		        SUBSTR(exp_lis_day, 1, 6) AS exp_lis_day,
		        COUNT(exp_lis_day) AS CNT,
		        SUM(tot_rpt_krw) AS tot_rpt_krw
		    FROM cusdec830a1selrdy
		    WHERE rpt_seq = '00' 
		    <if test="list != null and list.size() > 0">
            AND exp_sdno IN 
            <foreach item="id" collection="list" open="(" separator="," close=")">
                #{id}
            </foreach>
			</if>
		    GROUP BY SUBSTR(exp_lis_day, 1, 6)
		) A ON dr.exp_lis_day = A.exp_lis_day
		LEFT JOIN (
		    SELECT 
		        SUBSTR(exp_lis_day, 1, 6) AS exp_lis_day,
		        COUNT(exp_lis_day) AS CNT,
		        SUM(tot_rpt_krw) AS tot_rpt_krw
		    FROM cusdec830a1icnrdy
		    WHERE rpt_seq = '00'
		    <if test="list != null and list.size() > 0">
            AND exp_sdno IN 
            <foreach item="id" collection="list" open="(" separator="," close=")">
                #{id}
            </foreach>
			</if>
		    GROUP BY SUBSTR(exp_lis_day, 1, 6)
		) B ON dr.exp_lis_day = B.exp_lis_day
		LEFT JOIN (
		    SELECT 
		        SUBSTR(exp_lis_day, 1, 6) AS exp_lis_day,
		        COUNT(exp_lis_day) AS CNT,
		        SUM(tot_rpt_krw) AS tot_rpt_krw
		    FROM cusdec830a1airrdy
		    WHERE rpt_seq = '00'
		    <if test="list != null and list.size() > 0">
            AND exp_sdno IN 
            <foreach item="id" collection="list" open="(" separator="," close=")">
                #{id}
            </foreach>
			</if>
		    GROUP BY SUBSTR(exp_lis_day, 1, 6)
		) C ON dr.exp_lis_day = C.exp_lis_day
		LEFT JOIN (
		    SELECT 
		        SUBSTR(exp_lis_day, 1, 6) AS exp_lis_day,
		        COUNT(exp_lis_day) AS CNT,
		        SUM(tot_rpt_krw) AS tot_rpt_krw
		    FROM cusdec830a1bsnrdy
		    WHERE rpt_seq = '00' 
			<if test="list != null and list.size() > 0">
            AND exp_sdno IN 
            <foreach item="id" collection="list" open="(" separator="," close=")">
                #{id}
            </foreach>
			</if>
		    GROUP BY SUBSTR(exp_lis_day, 1, 6)
		) D ON dr.exp_lis_day = D.exp_lis_day
		LEFT JOIN (
		    SELECT 
		        SUBSTR(TE1_095, 1, 6) AS exp_lis_day,
		        COUNT(TE1_095) AS CNT,
		        SUM(TE1_057) AS tot_rpt_krw
		    FROM temp_export1bsnenc
		    WHERE 1=1
		    AND TE1_001 NOT LIKE '%X'AND TE1_001 NOT LIKE '%R'
		    <if test="list != null and list.size() > 0">
            AND TE1_126 IN 
            <foreach item="id" collection="list" open="(" separator="," close=")">
                #{id}
            </foreach>
			</if>
		    GROUP BY SUBSTR(TE1_095, 1, 6)
		) E ON dr.exp_lis_day = E.exp_lis_day
		LEFT JOIN (
		    SELECT 
		        SUBSTR(exp_lis_day, 1, 6) AS exp_lis_day,
		        COUNT(exp_lis_day) AS CNT,
		        SUM(tot_rpt_krw) AS tot_rpt_krw
		    FROM cusdec830a1
		    WHERE rpt_seq = '00' AND branch = 'iOOM'
			<if test="list != null and list.size() > 0">
            AND exp_sdno IN 
            <foreach item="id" collection="list" open="(" separator="," close=")">
                #{id}
            </foreach>
			</if>
		    GROUP BY SUBSTR(exp_lis_day, 1, 6)
		) F ON dr.exp_lis_day = F.exp_lis_day
		ORDER BY dr.exp_lis_day DESC;
	</select>
	
	<select id="selectDashboardNoticeList" parameterType="searchVO" resultType="egovMap">
	SELECT NOTICE_TYPE, TITLE_KR, NOTICE_SEQ, file_Org_Nm, DATE_FORMAT(STR_TO_DATE(NOTICE_DT, '%Y%m%d'), '%Y.%m.%d') as NOTICE_DT FROM notice_info
	ORDER BY notice_type DESC, notice_seq DESC
	LIMIT 5;
	</select>
	
	<select id="selectDashboardNewsList" parameterType="searchVO" resultType="egovMap">
	SELECT TITLE_KR, SEQ, DATE_FORMAT(STR_TO_DATE(REG_DT, '%Y%m%d'), '%Y.%m.%d') as REG_DT FROM news_info
	WHERE active = 'Y'
	ORDER BY REG_DT DESC, SEQ DESC
	LIMIT 5;
	</select>
	
	<select id="selectDashNoticeViewList" parameterType="searchVO" resultType="egovMap">
		SELECT 
			notice_seq,
		    title_Kr,
		    user_Name,
		    notice_Dt,
		    cn_kr,
		    edt_dt,
		    file_Org_Nm,
		    notice_type,
		    reg_id
		FROM notice_info
		WHERE notice_seq = #{srch3}
		ORDER BY notice_seq DESC;
	</select>
</mapper>