<?xml version="1.0" encoding="UTF-8"?>
<!DOCTYPE mapper PUBLIC "-//mybatis.org//DTD Mapper 3.0//EN" "http://mybatis.org/dtd/mybatis-3-mapper.dtd">
<mapper namespace="egovframework.ms.exp.service.impl.ExportMapper">

	<select id="selectExportInList2" parameterType="searchVO" resultType="egovMap">
		WITH export AS (
			SELECT 
				b.mg_code as invoice_No ,
				a.rece,
				
				CONVERT(VARCHAR(5), SUBSTRING(a.rpt_no, 1, 5)) + '-' + 
	    		CONVERT(VARCHAR(2), SUBSTRING(a.rpt_no, 6, 2)) + '-' + 
	    		CONVERT(VARCHAR(7), SUBSTRING(a.rpt_no, 8, 7)) AS rpt_no,
	    		
				CONVERT(varchar, CONVERT(date, a.rpt_Day), 23) AS rpt_Day,
				CONVERT(varchar, CONVERT(date, a.Exp_Lis_Day), 23) AS Exp_Lis_Day,
				'' as docuFile,
				a.exp_firm,
				ROW_NUMBER() OVER (ORDER BY a.rpt_No ASC) AS RowNum
			FROM CUSDEC830A1 a
			inner join CUSDEC830B1 b  ON a.SN = b.SNA1
			WHERE
				1=1
		 	<if test="srch2 != null and srch2 != ''">
			AND a.rpt_Day &gt;= REPLACE(#{srch2}, '/','')
			</if>
			<if test="srch3 != null and srch3 != ''">
			AND a.rpt_Day &lt;= REPLACE(#{srch3}, '/','')
			</if> 
			)
			SELECT 
				invoice_No,
				rece,
				rpt_No,
				CONVERT(varchar, CONVERT(date, rpt_Day), 23) AS rpt_Day,
				CONVERT(varchar, CONVERT(date, Exp_Lis_Day), 23) AS Exp_Lis_Day,
				'' as docuFile,
				exp_firm
			FROM export
			WHERE RowNum BETWEEN #{startPageMs}  AND #{recordCountPerPage};
	</select>
	

	
	<!-- Invoice등록 결과 갯수  -->
	<select id="selectExportInTotCnt2" parameterType="searchVO" resultType="int">
	    SELECT 
	    COUNT(*)
	    FROM CUSDEC830A1
	    WHERE 1=1
	    AND rpt_seq = '00'
	    
	    <if test="srch2 != null and srch2 != ''">
		AND rpt_Day &gt;= REPLACE(#{srch2}, '/','')
		</if>
		<if test="srch3 != null and srch3 != ''">
		AND rpt_Day &lt;= REPLACE(#{srch3}, '/','')
		</if> 
		<if test="srch4 != null and srch4 != ''">
		AND (rpt_no = '' OR rpt_no LIKE '%' + UPPER(#{srch4}) + '%')
		</if>
		<if test="srch5 != null and srch5 != ''">
		AND (invoice = '' OR invoice LIKE '%' + UPPER(#{srch5}) + '%')
		</if>
	</select>
	
</mapper>